escopo,nivel,grupo,eleitores_no_segmento,n_sinais_pl_mole,leitura,efeito_1dp__flavio_menos_jair,p_valor__flavio_menos_jair,efeito_1dp__swing,p_valor__swing,efeito_1dp__terceiros26,efeito_1dp__renan26,efeito_1dp__caiado26,efeito_1dp__cury26,efeito_1dp__d_abst,p_valor__d_abst,aviso
BA,UF,mulheres,5917100,3,Zonas com mais eleitores deste grupo (+1 desvio-padrão): Flávio fica 0.5 p.p. mais abaixo de Jair; swing +1.1 p.p. rumo a Lula; terceiros +0.4 p.p.,-0.52,0.0119,1.11,0.0128,0.38,0.06,0.1,0.2,0.29,0.3369,"Associação entre territórios (zonas eleitorais), não comportamento individual (falácia ecológica)."
Centro-Oeste,região,fundamental (até médio incompleto),2515259,3,Zonas com mais eleitores deste grupo (+1 desvio-padrão): Flávio fica 1.0 p.p. mais abaixo de Jair; swing +1.2 p.p. rumo a Lula; terceiros +1.1 p.p.; abstenção sobe +0.7 p.p.,-1.01,0.0101,1.23,0.0424,1.06,0.02,1.02,-0.04,0.73,0.0012,"Associação entre territórios (zonas eleitorais), não comportamento individual (falácia ecológica)."
GO,UF,fundamental (até médio incompleto),1077138,3,Zonas com mais eleitores deste grupo (+1 desvio-padrão): Flávio fica 1.6 p.p. mais abaixo de Jair; swing +2.1 p.p. rumo a Lula; terceiros +1.4 p.p.,-1.59,0.0019,2.14,0.0034,1.39,0.01,1.42,-0.05,-0.2,0.3113,"Associação entre territórios (zonas eleitorais), não comportamento individual (falácia ecológica)."
Brasil,Brasil,mulheres,78162768,2,Zonas com mais eleitores deste grupo (+1 desvio-padrão): Flávio fica 0.4 p.p. mais abaixo de Jair; swing +0.7 p.p. rumo a Lula,-0.43,0.0,0.65,0.0,-0.06,0.03,-0.08,0.02,0.0,0.9678,"Associação entre territórios (zonas eleitorais), não comportamento individual (falácia ecológica)."
Sudeste,região,mulheres,32084099,2,Zonas com mais eleitores deste grupo (+1 desvio-padrão): Flávio fica 0.4 p.p. mais abaixo de Jair; swing +0.7 p.p. rumo a Lula,-0.44,0.0,0.7,0.0001,0.04,0.06,-0.07,0.04,0.08,0.5347,"Associação entre territórios (zonas eleitorais), não comportamento individual (falácia ecológica)."
Sul,região,mulheres,11615405,2,Zonas com mais eleitores deste grupo (+1 desvio-padrão): Flávio fica 0.5 p.p. mais abaixo de Jair; swing +0.8 p.p. rumo a Lula,-0.53,0.0001,0.76,0.0043,-0.58,-0.11,-0.31,-0.1,-0.1,0.2982,"Associação entre territórios (zonas eleitorais), não comportamento individual (falácia ecológica)."
Nordeste,região,45–59 anos,10659631,2,Zonas com mais eleitores deste grupo (+1 desvio-padrão): Flávio fica 0.6 p.p. mais abaixo de Jair; swing +1.0 p.p. rumo a Lula,-0.56,0.0004,1.0,0.0022,-0.08,-0.02,0.03,-0.09,0.24,0.4404,"Associação entre territórios (zonas eleitorais), não comportamento individual (falácia ecológica)."
MG,UF,mulheres,8525683,2,Zonas com mais eleitores deste grupo (+1 desvio-padrão): Flávio fica 0.7 p.p. mais abaixo de Jair; swing +1.3 p.p. rumo a Lula,-0.71,0.0,1.29,0.0,-0.41,0.04,-0.26,-0.16,-0.54,0.0209,"Associação entre territórios (zonas eleitorais), não comportamento individual (falácia ecológica)."
Sul,região,fundamental (até médio incompleto),5413974,2,Zonas com mais eleitores deste grupo (+1 desvio-padrão): Flávio fica 0.4 p.p. mais abaixo de Jair; swing +0.8 p.p. rumo a Lula,-0.43,0.0279,0.84,0.036,-0.52,-0.08,-0.22,-0.21,-0.32,0.0158,"Associação entre territórios (zonas eleitorais), não comportamento individual (falácia ecológica)."
Nordeste,região,60–69 anos,4932359,2,Zonas com mais eleitores deste grupo (+1 desvio-padrão): Flávio fica 0.6 p.p. mais abaixo de Jair; swing +1.5 p.p. rumo a Lula,-0.59,0.0,1.49,0.0,-0.42,-0.11,-0.03,-0.27,-0.94,0.0,"Associação entre territórios (zonas eleitorais), não comportamento individual (falácia ecológica)."
PR,UF,mulheres,4407022,2,Zonas com mais eleitores deste grupo (+1 desvio-padrão): Flávio fica 0.8 p.p. mais abaixo de Jair; swing +1.4 p.p. rumo a Lula,-0.83,0.0,1.41,0.0003,-0.61,-0.14,-0.3,-0.12,-0.28,0.0251,"Associação entre territórios (zonas eleitorais), não comportamento individual (falácia ecológica)."
BA,UF,45–59 anos,2940737,2,Zonas com mais eleitores deste grupo (+1 desvio-padrão): Flávio fica 1.2 p.p. mais abaixo de Jair; swing +2.7 p.p. rumo a Lula,-1.17,0.0001,2.68,0.0,-0.41,-0.06,-0.12,-0.21,-0.66,0.0849,"Associação entre territórios (zonas eleitorais), não comportamento individual (falácia ecológica)."
Norte,região,45–59 anos,2801153,2,Zonas com mais eleitores deste grupo (+1 desvio-padrão): Flávio fica 1.4 p.p. mais abaixo de Jair; swing +3.8 p.p. rumo a Lula,-1.36,0.0084,3.77,0.0004,0.14,0.01,0.12,-0.01,0.4,0.3929,"Associação entre territórios (zonas eleitorais), não comportamento individual (falácia ecológica)."
Norte,região,25–34 anos,2605451,2,Zonas com mais eleitores deste grupo (+1 desvio-padrão): Flávio fica 1.4 p.p. mais abaixo de Jair; swing +3.9 p.p. rumo a Lula,-1.4,0.0132,3.91,0.0009,-0.46,-0.08,-0.01,-0.36,0.08,0.863,"Associação entre territórios (zonas eleitorais), não comportamento individual (falácia ecológica)."
PR,UF,45–59 anos,2187170,2,Zonas com mais eleitores deste grupo (+1 desvio-padrão): Flávio fica 0.6 p.p. mais abaixo de Jair; swing +1.3 p.p. rumo a Lula,-0.61,0.0168,1.32,0.0103,0.14,0.02,0.12,-0.01,-0.15,0.3406,"Associação entre territórios (zonas eleitorais), não comportamento individual (falácia ecológica)."
BA,UF,25–34 anos,2149338,2,Zonas com mais eleitores deste grupo (+1 desvio-padrão): Flávio fica 0.9 p.p. mais abaixo de Jair; swing +2.1 p.p. rumo a Lula,-0.93,0.0036,2.14,0.0022,-0.73,-0.15,-0.17,-0.38,-0.68,0.0875,"Associação entre territórios (zonas eleitorais), não comportamento individual (falácia ecológica)."
MG,UF,70+ anos,2068655,2,Zonas com mais eleitores deste grupo (+1 desvio-padrão): Flávio fica 1.1 p.p. mais abaixo de Jair; swing +2.5 p.p. rumo a Lula,-1.13,0.0,2.55,0.0,-0.26,-0.1,-0.03,-0.06,-0.1,0.8015,"Associação entre territórios (zonas eleitorais), não comportamento individual (falácia ecológica)."
PE,UF,45–59 anos,1846309,2,Zonas com mais eleitores deste grupo (+1 desvio-padrão): Flávio fica 0.7 p.p. mais abaixo de Jair; swing +1.4 p.p. rumo a Lula,-0.67,0.007,1.36,0.0066,0.09,-0.03,0.13,-0.01,0.14,0.7131,"Associação entre territórios (zonas eleitorais), não comportamento individual (falácia ecológica)."
MG,UF,16–24 anos,1748028,2,Zonas com mais eleitores deste grupo (+1 desvio-padrão): Flávio fica 0.4 p.p. mais abaixo de Jair; swing +0.9 p.p. rumo a Lula,-0.44,0.0163,0.91,0.0219,-0.65,-0.06,-0.16,-0.3,-0.98,0.0036,"Associação entre territórios (zonas eleitorais), não comportamento individual (falácia ecológica)."
Centro-Oeste,região,superior completo,1698403,2,Zonas com mais eleitores deste grupo (+1 desvio-padrão): Flávio fica 1.3 p.p. mais abaixo de Jair; swing +2.6 p.p. rumo a Lula,-1.31,0.0023,2.57,0.0003,0.44,0.03,0.44,-0.19,0.54,0.1387,"Associação entre territórios (zonas eleitorais), não comportamento individual (falácia ecológica)."
ES,UF,mulheres,1578636,2,Zonas com mais eleitores deste grupo (+1 desvio-padrão): Flávio fica 0.6 p.p. mais abaixo de Jair; swing +1.1 p.p. rumo a Lula,-0.55,0.0439,1.08,0.0491,-0.17,-0.02,-0.1,-0.05,-1.26,0.0054,"Associação entre territórios (zonas eleitorais), não comportamento individual (falácia ecológica)."
BA,UF,60–69 anos,1354063,2,Zonas com mais eleitores deste grupo (+1 desvio-padrão): Flávio fica 0.8 p.p. mais abaixo de Jair; swing +2.1 p.p. rumo a Lula,-0.8,0.0003,2.15,0.0,-0.48,-0.14,0.03,-0.36,-1.76,0.0,"Associação entre territórios (zonas eleitorais), não comportamento individual (falácia ecológica)."
GO,UF,45–59 anos,1231425,2,Zonas com mais eleitores deste grupo (+1 desvio-padrão): Flávio fica 1.0 p.p. mais abaixo de Jair; swing +1.9 p.p. rumo a Lula,-1.0,0.0378,1.85,0.0044,0.27,0.0,0.42,-0.14,-0.02,0.8711,"Associação entre territórios (zonas eleitorais), não comportamento individual (falácia ecológica)."
MT,UF,mulheres,1192722,2,Zonas com mais eleitores deste grupo (+1 desvio-padrão): Flávio fica 0.8 p.p. mais abaixo de Jair; swing +1.6 p.p. rumo a Lula,-0.85,0.0028,1.65,0.006,-0.06,0.08,-0.1,-0.03,-1.32,0.0023,"Associação entre territórios (zonas eleitorais), não comportamento individual (falácia ecológica)."
GO,UF,25–34 anos,896380,2,Zonas com mais eleitores deste grupo (+1 desvio-padrão): Flávio fica 2.8 p.p. mais abaixo de Jair; swing +5.7 p.p. rumo a Lula,-2.79,0.0106,5.68,0.0003,0.45,0.01,0.58,-0.15,0.44,0.2187,"Associação entre territórios (zonas eleitorais), não comportamento individual (falácia ecológica)."
Norte,região,70+ anos,885131,2,Zonas com mais eleitores deste grupo (+1 desvio-padrão): Flávio fica 2.4 p.p. mais abaixo de Jair; swing +6.0 p.p. rumo a Lula; abstenção sobe +1.1 p.p.,-2.42,0.0,6.03,0.0,-0.09,-0.06,-0.01,-0.02,1.08,0.0031,"Associação entre territórios (zonas eleitorais), não comportamento individual (falácia ecológica)."
PE,UF,60–69 anos,855964,2,Zonas com mais eleitores deste grupo (+1 desvio-padrão): Flávio fica 1.1 p.p. mais abaixo de Jair; swing +2.7 p.p. rumo a Lula,-1.06,0.0009,2.66,0.0,-0.77,-0.28,0.06,-0.54,-1.21,0.0024,"Associação entre territórios (zonas eleitorais), não comportamento individual (falácia ecológica)."
CE,UF,60–69 anos,795788,2,Zonas com mais eleitores deste grupo (+1 desvio-padrão): Flávio fica 0.8 p.p. mais abaixo de Jair; swing +1.4 p.p. rumo a Lula,-0.79,0.0241,1.43,0.0255,-0.35,-0.04,0.05,-0.35,-1.67,0.0,"Associação entre territórios (zonas eleitorais), não comportamento individual (falácia ecológica)."
GO,UF,60–69 anos,573702,2,Zonas com mais eleitores deste grupo (+1 desvio-padrão): Flávio fica 2.6 p.p. mais abaixo de Jair; swing +4.7 p.p. rumo a Lula,-2.64,0.0025,4.72,0.0002,1.11,-0.08,1.41,-0.22,0.59,0.059,"Associação entre territórios (zonas eleitorais), não comportamento individual (falácia ecológica)."
TO,UF,mulheres,571673,2,Zonas com mais eleitores deste grupo (+1 desvio-padrão): Flávio fica 1.2 p.p. mais abaixo de Jair; swing +2.2 p.p. rumo a Lula,-1.16,0.0039,2.2,0.0064,-0.19,0.04,-0.03,-0.18,-0.05,0.8075,"Associação entre territórios (zonas eleitorais), não comportamento individual (falácia ecológica)."
GO,UF,16–24 anos,570318,2,Zonas com mais eleitores deste grupo (+1 desvio-padrão): Flávio fica 1.7 p.p. mais abaixo de Jair; swing +3.5 p.p. rumo a Lula; abstenção sobe +0.7 p.p.,-1.74,0.0466,3.5,0.0044,0.09,0.11,0.24,-0.26,0.72,0.0014,"Associação entre territórios (zonas eleitorais), não comportamento individual (falácia ecológica)."
GO,UF,superior completo,567125,2,Zonas com mais eleitores deste grupo (+1 desvio-padrão): Flávio fica 1.3 p.p. mais abaixo de Jair; swing +2.7 p.p. rumo a Lula,-1.29,0.0354,2.67,0.0101,0.35,-0.03,0.45,-0.09,-0.06,0.8529,"Associação entre territórios (zonas eleitorais), não comportamento individual (falácia ecológica)."
PA,UF,70+ anos,451780,2,Zonas com mais eleitores deste grupo (+1 desvio-padrão): Flávio fica 2.9 p.p. mais abaixo de Jair; swing +7.3 p.p. rumo a Lula; abstenção sobe +2.2 p.p.,-2.89,0.0001,7.3,0.0,0.22,-0.03,0.04,0.2,2.17,0.0,"Associação entre territórios (zonas eleitorais), não comportamento individual (falácia ecológica)."
MT,UF,superior completo,320976,2,Zonas com mais eleitores deste grupo (+1 desvio-padrão): Flávio fica 0.9 p.p. mais abaixo de Jair; swing +2.0 p.p. rumo a Lula,-0.95,0.026,2.03,0.0201,-0.28,0.09,-0.2,-0.13,-0.27,0.7014,"Associação entre territórios (zonas eleitorais), não comportamento individual (falácia ecológica)."
MS,UF,16–24 anos,250140,2,Zonas com mais eleitores deste grupo (+1 desvio-padrão): Flávio fica 1.3 p.p. mais abaixo de Jair; swing +3.0 p.p. rumo a Lula,-1.28,0.0011,3.01,0.0001,-0.09,0.01,-0.03,-0.07,-0.57,0.3361,"Associação entre territórios (zonas eleitorais), não comportamento individual (falácia ecológica)."
TO,UF,16–24 anos,174794,2,Zonas com mais eleitores deste grupo (+1 desvio-padrão): Flávio fica 1.3 p.p. mais abaixo de Jair; swing +2.6 p.p. rumo a Lula,-1.28,0.0065,2.64,0.0046,-0.55,0.07,-0.44,-0.17,-0.43,0.1159,"Associação entre territórios (zonas eleitorais), não comportamento individual (falácia ecológica)."
Nordeste,região,mulheres,22482428,1,Zonas com mais eleitores deste grupo (+1 desvio-padrão): terceiros +0.2 p.p.,-0.15,0.1799,0.15,0.5261,0.18,0.13,0.0,0.06,0.21,0.192,"Associação entre territórios (zonas eleitorais), não comportamento individual (falácia ecológica)."
Brasil,Brasil,70+ anos,16201762,1,Zonas com mais eleitores deste grupo (+1 desvio-padrão): swing +0.8 p.p. rumo a Lula; abstenção sobe +0.8 p.p.,-0.05,0.7639,0.84,0.0135,-0.27,-0.14,0.16,-0.29,0.77,0.0021,"Associação entre territórios (zonas eleitorais), não comportamento individual (falácia ecológica)."
Sudeste,região,45–59 anos,15756432,1,Zonas com mais eleitores deste grupo (+1 desvio-padrão): terceiros +0.2 p.p.,0.06,0.6005,0.05,0.8368,0.22,0.1,0.11,0.0,0.09,0.5257,"Associação entre territórios (zonas eleitorais), não comportamento individual (falácia ecológica)."
Sudeste,região,fundamental (até médio incompleto),15341546,1,Zonas com mais eleitores deste grupo (+1 desvio-padrão): terceiros +0.4 p.p.; abstenção sobe +0.8 p.p.,0.26,0.034,-0.44,0.0414,0.44,0.15,0.15,0.03,0.8,0.0001,"Associação entre territórios (zonas eleitorais), não comportamento individual (falácia ecológica)."
Sudeste,região,superior completo,7448826,1,Zonas com mais eleitores deste grupo (+1 desvio-padrão): terceiros +0.5 p.p.,0.7,0.0003,-0.39,0.1529,0.47,0.14,0.33,-0.2,-0.29,0.3559,"Associação entre territórios (zonas eleitorais), não comportamento individual (falácia ecológica)."
SP,UF,fundamental (até médio incompleto),6599518,1,Zonas com mais eleitores deste grupo (+1 desvio-padrão): terceiros +0.4 p.p.,-0.17,0.2866,0.48,0.0661,0.37,0.18,0.05,0.07,0.03,0.9025,"Associação entre territórios (zonas eleitorais), não comportamento individual (falácia ecológica)."
Nordeste,região,16–24 anos,5866779,1,Zonas com mais eleitores deste grupo (+1 desvio-padrão): Flávio fica 0.3 p.p. mais abaixo de Jair,-0.34,0.0496,0.55,0.1282,-0.51,-0.01,-0.15,-0.33,-0.98,0.0008,"Associação entre territórios (zonas eleitorais), não comportamento individual (falácia ecológica)."
SP,UF,superior completo,4286168,1,Zonas com mais eleitores deste grupo (+1 desvio-padrão): terceiros +0.3 p.p.,0.92,0.0,-0.75,0.0181,0.33,0.03,0.34,-0.24,-0.96,0.0027,"Associação entre territórios (zonas eleitorais), não comportamento individual (falácia ecológica)."
SP,UF,60–69 anos,3933165,1,Zonas com mais eleitores deste grupo (+1 desvio-padrão): swing +0.7 p.p. rumo a Lula,-0.3,0.0763,0.71,0.02,-0.69,-0.26,0.0,-0.34,-1.43,0.0,"Associação entre territórios (zonas eleitorais), não comportamento individual (falácia ecológica)."
PE,UF,mulheres,3876062,1,Zonas com mais eleitores deste grupo (+1 desvio-padrão): terceiros +0.2 p.p.,0.21,0.2153,-0.56,0.0913,0.21,0.14,0.0,0.07,-0.19,0.4429,"Associação entre territórios (zonas eleitorais), não comportamento individual (falácia ecológica)."
RJ,UF,fundamental (até médio incompleto),3825175,1,Zonas com mais eleitores deste grupo (+1 desvio-padrão): terceiros +0.6 p.p.; abstenção sobe +1.2 p.p.,0.34,0.1775,-0.62,0.2477,0.55,0.25,0.09,0.13,1.25,0.0107,"Associação entre territórios (zonas eleitorais), não comportamento individual (falácia ecológica)."
Centro-Oeste,região,25–34 anos,2181122,1,Zonas com mais eleitores deste grupo (+1 desvio-padrão): swing +2.4 p.p. rumo a Lula,-1.18,0.0889,2.37,0.0344,-0.13,-0.02,0.24,-0.3,-0.87,0.008,"Associação entre territórios (zonas eleitorais), não comportamento individual (falácia ecológica)."
Norte,região,16–24 anos,1955219,1,Zonas com mais eleitores deste grupo (+1 desvio-padrão): swing +3.1 p.p. rumo a Lula,-0.9,0.0724,3.1,0.0023,-0.34,0.0,0.0,-0.36,-0.68,0.0838,"Associação entre territórios (zonas eleitorais), não comportamento individual (falácia ecológica)."
CE,UF,45–59 anos,1670860,1,Zonas com mais eleitores deste grupo (+1 desvio-padrão): Flávio fica 0.9 p.p. mais abaixo de Jair,-0.86,0.0373,0.9,0.2374,-0.01,0.06,0.0,-0.06,0.18,0.6903,"Associação entre territórios (zonas eleitorais), não comportamento individual (falácia ecológica)."
PA,UF,45–59 anos,1347251,1,Zonas com mais eleitores deste grupo (+1 desvio-padrão): terceiros +0.6 p.p.,-1.06,0.2901,3.0,0.1517,0.64,0.17,0.36,0.06,0.77,0.2179,"Associação entre territórios (zonas eleitorais), não comportamento individual (falácia ecológica)."
RJ,UF,16–24 anos,1246852,1,Zonas com mais eleitores deste grupo (+1 desvio-padrão): terceiros +0.5 p.p.; abstenção sobe +1.2 p.p.,0.83,0.0008,-1.95,0.0002,0.52,0.26,0.29,-0.02,1.16,0.0317,"Associação entre territórios (zonas eleitorais), não comportamento individual (falácia ecológica)."
RJ,UF,superior completo,1166131,1,Zonas com mais eleitores deste grupo (+1 desvio-padrão): terceiros +0.8 p.p.,0.46,0.1918,-0.03,0.9634,0.81,0.34,0.3,-0.04,1.04,0.1002,"Associação entre territórios (zonas eleitorais), não comportamento individual (falácia ecológica)."
BA,UF,70+ anos,1073849,1,Zonas com mais eleitores deste grupo (+1 desvio-padrão): swing +1.3 p.p. rumo a Lula,-0.55,0.0533,1.27,0.0408,-0.5,-0.07,-0.16,-0.26,0.14,0.7289,"Associação entre territórios (zonas eleitorais), não comportamento individual (falácia ecológica)."
Centro-Oeste,região,70+ anos,1058788,1,Zonas com mais eleitores deste grupo (+1 desvio-padrão): swing +1.9 p.p. rumo a Lula,-0.76,0.1566,1.9,0.0293,-0.24,-0.1,0.16,-0.26,-0.37,0.1151,"Associação entre territórios (zonas eleitorais), não comportamento individual (falácia ecológica)."
CE,UF,16–24 anos,928452,1,Zonas com mais eleitores deste grupo (+1 desvio-padrão): Flávio fica 1.1 p.p. mais abaixo de Jair,-1.08,0.0263,0.87,0.3124,-0.48,0.03,-0.05,-0.45,-1.27,0.0485,"Associação entre territórios (zonas eleitorais), não comportamento individual (falácia ecológica)."
PR,UF,70+ anos,926472,1,Zonas com mais eleitores deste grupo (+1 desvio-padrão): swing +2.3 p.p. rumo a Lula; abstenção sobe +0.8 p.p.,-0.86,0.0829,2.32,0.0202,0.28,-0.08,0.27,0.06,0.85,0.0409,"Associação entre territórios (zonas eleitorais), não comportamento individual (falácia ecológica)."
AM,UF,sem fundamental completo,694255,1,Zonas com mais eleitores deste grupo (+1 desvio-padrão): terceiros +0.6 p.p.,3.51,0.0003,-7.14,0.0001,0.58,-0.01,0.38,0.18,-0.46,0.549,"Associação entre territórios (zonas eleitorais), não comportamento individual (falácia ecológica)."
PI,UF,45–59 anos,639852,1,Zonas com mais eleitores deste grupo (+1 desvio-padrão): terceiros +0.3 p.p.,0.01,0.9493,-0.16,0.7361,0.3,0.13,0.03,0.14,0.34,0.0561,"Associação entre territórios (zonas eleitorais), não comportamento individual (falácia ecológica)."
MT,UF,45–59 anos,605268,1,Zonas com mais eleitores deste grupo (+1 desvio-padrão): terceiros +0.3 p.p.,-0.04,0.8713,0.03,0.9505,0.29,0.03,0.29,-0.05,-0.21,0.5232,"Associação entre territórios (zonas eleitorais), não comportamento individual (falácia ecológica)."
MS,UF,45–59 anos,518182,1,Zonas com mais eleitores deste grupo (+1 desvio-padrão): terceiros +0.5 p.p.,-0.41,0.3401,1.01,0.2203,0.51,0.05,0.32,0.13,-0.72,0.2348,"Associação entre territórios (zonas eleitorais), não comportamento individual (falácia ecológica)."
PI,UF,25–34 anos,505501,1,Zonas com mais eleitores deste grupo (+1 desvio-padrão): terceiros +0.3 p.p.,0.4,0.0817,-0.85,0.0834,0.28,0.1,-0.01,0.19,0.13,0.4405,"Associação entre territórios (zonas eleitorais), não comportamento individual (falácia ecológica)."
RN,UF,25–34 anos,500794,1,Zonas com mais eleitores deste grupo (+1 desvio-padrão): swing +1.9 p.p. rumo a Lula,-0.77,0.0574,1.9,0.0288,-0.2,-0.16,0.12,-0.18,0.16,0.8038,"Associação entre territórios (zonas eleitorais), não comportamento individual (falácia ecológica)."
GO,UF,70+ anos,459434,1,Zonas com mais eleitores deste grupo (+1 desvio-padrão): swing +2.8 p.p. rumo a Lula,-1.2,0.2276,2.77,0.0418,-0.08,0.08,-0.01,-0.16,0.08,0.833,"Associação entre territórios (zonas eleitorais), não comportamento individual (falácia ecológica)."
AL,UF,16–24 anos,320968,1,Zonas com mais eleitores deste grupo (+1 desvio-padrão): swing +2.7 p.p. rumo a Lula,-0.92,0.1066,2.68,0.0257,-0.31,-0.04,0.03,-0.36,-0.56,0.262,"Associação entre territórios (zonas eleitorais), não comportamento individual (falácia ecológica)."
MT,UF,16–24 anos,309692,1,Zonas com mais eleitores deste grupo (+1 desvio-padrão): terceiros +0.3 p.p.,0.27,0.3181,-0.54,0.3342,0.35,-0.01,0.24,0.06,0.38,0.3109,"Associação entre territórios (zonas eleitorais), não comportamento individual (falácia ecológica)."
MS,UF,60–69 anos,256732,1,Zonas com mais eleitores deste grupo (+1 desvio-padrão): swing +1.4 p.p. rumo a Lula,-0.36,0.2829,1.4,0.0267,0.0,0.06,-0.06,-0.02,-0.81,0.1888,"Associação entre territórios (zonas eleitorais), não comportamento individual (falácia ecológica)."
AM,UF,superior completo,234752,1,Zonas com mais eleitores deste grupo (+1 desvio-padrão): terceiros +0.4 p.p.,1.55,0.1159,-2.6,0.1352,0.42,0.12,0.11,0.13,0.34,0.6083,"Associação entre territórios (zonas eleitorais), não comportamento individual (falácia ecológica)."
TO,UF,25–34 anos,227901,1,Zonas com mais eleitores deste grupo (+1 desvio-padrão): swing +2.7 p.p. rumo a Lula,-1.29,0.0737,2.69,0.0494,-0.23,0.02,-0.27,0.02,-0.37,0.3188,"Associação entre territórios (zonas eleitorais), não comportamento individual (falácia ecológica)."
MT,UF,70+ anos,194511,1,Zonas com mais eleitores deste grupo (+1 desvio-padrão): terceiros +0.4 p.p.,0.23,0.628,-0.53,0.5855,0.43,-0.1,0.55,-0.06,0.67,0.2638,"Associação entre territórios (zonas eleitorais), não comportamento individual (falácia ecológica)."
TO,UF,superior completo,126651,1,Zonas com mais eleitores deste grupo (+1 desvio-padrão): terceiros +0.8 p.p.,0.1,0.8927,-0.94,0.5176,0.76,-0.09,0.62,0.19,0.31,0.4758,"Associação entre territórios (zonas eleitorais), não comportamento individual (falácia ecológica)."
