uf,regiao,alvo,territorio,segmento,municipios_territorio,aptos_territorio,eleitores_segmento_territorio,fatia_segmento_territorio,fatia_segmento_uf,sobrerrepresentacao,media_alvo_territorio,media_alvo_uf
AC,Norte,alvo_ii_flavio_menos_bolso22,quartil: Flávio mais abaixo de Jair 2022,jovens 16–24,7,391162,65412,0.1672,0.1832,0.91,0.09,2.24
AC,Norte,alvo_ii_flavio_menos_bolso22,quartil: Flávio mais abaixo de Jair 2022,16–17 (voto facultativo),7,391162,7844,0.0201,0.0229,0.88,0.09,2.24
AC,Norte,alvo_ii_flavio_menos_bolso22,quartil: Flávio mais abaixo de Jair 2022,idosos 60+,7,391162,65482,0.1674,0.1591,1.05,0.09,2.24
AC,Norte,alvo_ii_flavio_menos_bolso22,quartil: Flávio mais abaixo de Jair 2022,70+ (voto facultativo),7,391162,29145,0.0745,0.071,1.05,0.09,2.24
AC,Norte,alvo_ii_flavio_menos_bolso22,quartil: Flávio mais abaixo de Jair 2022,sem fundamental completo,7,391162,110783,0.2832,0.3539,0.8,0.09,2.24
AC,Norte,alvo_ii_flavio_menos_bolso22,quartil: Flávio mais abaixo de Jair 2022,ensino superior,7,391162,44892,0.1148,0.0954,1.2,0.09,2.24
AC,Norte,alvo_ii_flavio_menos_bolso22,quartil: Flávio mais abaixo de Jair 2022,mulheres,7,391162,206497,0.5279,0.5163,1.02,0.09,2.24
AC,Norte,alvo_i_swing_para_PL,quartil: menor swing para o PL,jovens 16–24,6,376696,63934,0.1697,0.1832,0.93,-0.99,3.0
AC,Norte,alvo_i_swing_para_PL,quartil: menor swing para o PL,16–17 (voto facultativo),6,376696,7807,0.0207,0.0229,0.91,-0.99,3.0
AC,Norte,alvo_i_swing_para_PL,quartil: menor swing para o PL,idosos 60+,6,376696,61973,0.1645,0.1591,1.03,-0.99,3.0
AC,Norte,alvo_i_swing_para_PL,quartil: menor swing para o PL,70+ (voto facultativo),6,376696,27579,0.0732,0.071,1.03,-0.99,3.0
AC,Norte,alvo_i_swing_para_PL,quartil: menor swing para o PL,sem fundamental completo,6,376696,104686,0.2779,0.3539,0.79,-0.99,3.0
AC,Norte,alvo_i_swing_para_PL,quartil: menor swing para o PL,ensino superior,6,376696,43822,0.1163,0.0954,1.22,-0.99,3.0
AC,Norte,alvo_i_swing_para_PL,quartil: menor swing para o PL,mulheres,6,376696,199065,0.5284,0.5163,1.02,-0.99,3.0
AC,Norte,alvo_iii_d_abst,quartil: maior alta da abstenção,jovens 16–24,6,339103,53976,0.1592,0.1832,0.87,-0.69,-2.03
AC,Norte,alvo_iii_d_abst,quartil: maior alta da abstenção,16–17 (voto facultativo),6,339103,6031,0.0178,0.0229,0.78,-0.69,-2.03
AC,Norte,alvo_iii_d_abst,quartil: maior alta da abstenção,idosos 60+,6,339103,58536,0.1726,0.1591,1.08,-0.69,-2.03
AC,Norte,alvo_iii_d_abst,quartil: maior alta da abstenção,70+ (voto facultativo),6,339103,25904,0.0764,0.071,1.08,-0.69,-2.03
AC,Norte,alvo_iii_d_abst,quartil: maior alta da abstenção,sem fundamental completo,6,339103,95176,0.2807,0.3539,0.79,-0.69,-2.03
AC,Norte,alvo_iii_d_abst,quartil: maior alta da abstenção,ensino superior,6,339103,40313,0.1189,0.0954,1.25,-0.69,-2.03
AC,Norte,alvo_iii_d_abst,quartil: maior alta da abstenção,mulheres,6,339103,179986,0.5308,0.5163,1.03,-0.69,-2.03
AC,Norte,alvo_iv_terceiros,quartil: maior voto em terceiros,jovens 16–24,6,403988,67338,0.1667,0.1832,0.91,7.92,6.7
AC,Norte,alvo_iv_terceiros,quartil: maior voto em terceiros,16–17 (voto facultativo),6,403988,8099,0.02,0.0229,0.88,7.92,6.7
AC,Norte,alvo_iv_terceiros,quartil: maior voto em terceiros,idosos 60+,6,403988,67504,0.1671,0.1591,1.05,7.92,6.7
AC,Norte,alvo_iv_terceiros,quartil: maior voto em terceiros,70+ (voto facultativo),6,403988,30257,0.0749,0.071,1.05,7.92,6.7
AC,Norte,alvo_iv_terceiros,quartil: maior voto em terceiros,sem fundamental completo,6,403988,116751,0.289,0.3539,0.82,7.92,6.7
AC,Norte,alvo_iv_terceiros,quartil: maior voto em terceiros,ensino superior,6,403988,46046,0.114,0.0954,1.19,7.92,6.7
AC,Norte,alvo_iv_terceiros,quartil: maior voto em terceiros,mulheres,6,403988,213295,0.528,0.5163,1.02,7.92,6.7
AL,Nordeste,alvo_ii_flavio_menos_bolso22,quartil: Flávio mais abaixo de Jair 2022,jovens 16–24,26,1243306,172474,0.1387,0.1481,0.94,3.16,4.52
AL,Nordeste,alvo_ii_flavio_menos_bolso22,quartil: Flávio mais abaixo de Jair 2022,16–17 (voto facultativo),26,1243306,16775,0.0135,0.0166,0.81,3.16,4.52
AL,Nordeste,alvo_ii_flavio_menos_bolso22,quartil: Flávio mais abaixo de Jair 2022,idosos 60+,26,1243306,250881,0.2018,0.1969,1.02,3.16,4.52
AL,Nordeste,alvo_ii_flavio_menos_bolso22,quartil: Flávio mais abaixo de Jair 2022,70+ (voto facultativo),26,1243306,108569,0.0873,0.0874,1.0,3.16,4.52
AL,Nordeste,alvo_ii_flavio_menos_bolso22,quartil: Flávio mais abaixo de Jair 2022,sem fundamental completo,26,1243306,459855,0.3699,0.4423,0.84,3.16,4.52
AL,Nordeste,alvo_ii_flavio_menos_bolso22,quartil: Flávio mais abaixo de Jair 2022,ensino superior,26,1243306,108540,0.0873,0.0618,1.41,3.16,4.52
AL,Nordeste,alvo_ii_flavio_menos_bolso22,quartil: Flávio mais abaixo de Jair 2022,mulheres,26,1243306,677888,0.5452,0.5348,1.02,3.16,4.52
AL,Nordeste,alvo_i_swing_para_PL,quartil: menor swing para o PL,jovens 16–24,26,1062843,146768,0.1381,0.1481,0.93,2.95,6.44
AL,Nordeste,alvo_i_swing_para_PL,quartil: menor swing para o PL,16–17 (voto facultativo),26,1062843,14026,0.0132,0.0166,0.8,2.95,6.44
AL,Nordeste,alvo_i_swing_para_PL,quartil: menor swing para o PL,idosos 60+,26,1062843,216043,0.2033,0.1969,1.03,2.95,6.44
AL,Nordeste,alvo_i_swing_para_PL,quartil: menor swing para o PL,70+ (voto facultativo),26,1062843,93136,0.0876,0.0874,1.0,2.95,6.44
AL,Nordeste,alvo_i_swing_para_PL,quartil: menor swing para o PL,sem fundamental completo,26,1062843,389996,0.3669,0.4423,0.83,2.95,6.44
AL,Nordeste,alvo_i_swing_para_PL,quartil: menor swing para o PL,ensino superior,26,1062843,97628,0.0919,0.0618,1.49,2.95,6.44
AL,Nordeste,alvo_i_swing_para_PL,quartil: menor swing para o PL,mulheres,26,1062843,578128,0.5439,0.5348,1.02,2.95,6.44
AL,Nordeste,alvo_iii_d_abst,quartil: maior alta da abstenção,jovens 16–24,26,1178314,160560,0.1363,0.1481,0.92,-0.53,-1.73
AL,Nordeste,alvo_iii_d_abst,quartil: maior alta da abstenção,16–17 (voto facultativo),26,1178314,14949,0.0127,0.0166,0.76,-0.53,-1.73
AL,Nordeste,alvo_iii_d_abst,quartil: maior alta da abstenção,idosos 60+,26,1178314,238295,0.2022,0.1969,1.03,-0.53,-1.73
AL,Nordeste,alvo_iii_d_abst,quartil: maior alta da abstenção,70+ (voto facultativo),26,1178314,102625,0.0871,0.0874,1.0,-0.53,-1.73
AL,Nordeste,alvo_iii_d_abst,quartil: maior alta da abstenção,sem fundamental completo,26,1178314,431200,0.3659,0.4423,0.83,-0.53,-1.73
AL,Nordeste,alvo_iii_d_abst,quartil: maior alta da abstenção,ensino superior,26,1178314,107313,0.0911,0.0618,1.47,-0.53,-1.73
AL,Nordeste,alvo_iii_d_abst,quartil: maior alta da abstenção,mulheres,26,1178314,643172,0.5458,0.5348,1.02,-0.53,-1.73
AL,Nordeste,alvo_iv_terceiros,quartil: maior voto em terceiros,jovens 16–24,27,1333289,183197,0.1374,0.1481,0.93,5.82,4.79
AL,Nordeste,alvo_iv_terceiros,quartil: maior voto em terceiros,16–17 (voto facultativo),27,1333289,17425,0.0131,0.0166,0.79,5.82,4.79
AL,Nordeste,alvo_iv_terceiros,quartil: maior voto em terceiros,idosos 60+,27,1333289,269310,0.202,0.1969,1.03,5.82,4.79
AL,Nordeste,alvo_iv_terceiros,quartil: maior voto em terceiros,70+ (voto facultativo),27,1333289,116103,0.0871,0.0874,1.0,5.82,4.79
AL,Nordeste,alvo_iv_terceiros,quartil: maior voto em terceiros,sem fundamental completo,27,1333289,489157,0.3669,0.4423,0.83,5.82,4.79
AL,Nordeste,alvo_iv_terceiros,quartil: maior voto em terceiros,ensino superior,27,1333289,115031,0.0863,0.0618,1.4,5.82,4.79
AL,Nordeste,alvo_iv_terceiros,quartil: maior voto em terceiros,mulheres,27,1333289,728140,0.5461,0.5348,1.02,5.82,4.79
AM,Norte,alvo_ii_flavio_menos_bolso22,quartil: Flávio mais abaixo de Jair 2022,jovens 16–24,16,1893131,315097,0.1664,0.1786,0.93,1.06,2.79
AM,Norte,alvo_ii_flavio_menos_bolso22,quartil: Flávio mais abaixo de Jair 2022,16–17 (voto facultativo),16,1893131,29387,0.0155,0.0183,0.85,1.06,2.79
AM,Norte,alvo_ii_flavio_menos_bolso22,quartil: Flávio mais abaixo de Jair 2022,idosos 60+,16,1893131,290007,0.1532,0.1512,1.01,1.06,2.79
AM,Norte,alvo_ii_flavio_menos_bolso22,quartil: Flávio mais abaixo de Jair 2022,70+ (voto facultativo),16,1893131,114408,0.0604,0.061,0.99,1.06,2.79
AM,Norte,alvo_ii_flavio_menos_bolso22,quartil: Flávio mais abaixo de Jair 2022,sem fundamental completo,16,1893131,403642,0.2132,0.2719,0.78,1.06,2.79
AM,Norte,alvo_ii_flavio_menos_bolso22,quartil: Flávio mais abaixo de Jair 2022,ensino superior,16,1893131,199175,0.1052,0.0879,1.2,1.06,2.79
AM,Norte,alvo_ii_flavio_menos_bolso22,quartil: Flávio mais abaixo de Jair 2022,mulheres,16,1893131,990743,0.5233,0.5144,1.02,1.06,2.79
AM,Norte,alvo_i_swing_para_PL,quartil: menor swing para o PL,jovens 16–24,16,1852246,309000,0.1668,0.1786,0.93,1.21,4.81
AM,Norte,alvo_i_swing_para_PL,quartil: menor swing para o PL,16–17 (voto facultativo),16,1852246,28872,0.0156,0.0183,0.85,1.21,4.81
AM,Norte,alvo_i_swing_para_PL,quartil: menor swing para o PL,idosos 60+,16,1852246,283049,0.1528,0.1512,1.01,1.21,4.81
AM,Norte,alvo_i_swing_para_PL,quartil: menor swing para o PL,70+ (voto facultativo),16,1852246,111111,0.06,0.061,0.98,1.21,4.81
AM,Norte,alvo_i_swing_para_PL,quartil: menor swing para o PL,sem fundamental completo,16,1852246,388285,0.2096,0.2719,0.77,1.21,4.81
AM,Norte,alvo_i_swing_para_PL,quartil: menor swing para o PL,ensino superior,16,1852246,198501,0.1072,0.0879,1.22,1.21,4.81
AM,Norte,alvo_i_swing_para_PL,quartil: menor swing para o PL,mulheres,16,1852246,971138,0.5243,0.5144,1.02,1.21,4.81
AM,Norte,alvo_iii_d_abst,quartil: maior alta da abstenção,jovens 16–24,16,1939134,316064,0.163,0.1786,0.91,1.84,0.04
AM,Norte,alvo_iii_d_abst,quartil: maior alta da abstenção,16–17 (voto facultativo),16,1939134,28947,0.0149,0.0183,0.82,1.84,0.04
AM,Norte,alvo_iii_d_abst,quartil: maior alta da abstenção,idosos 60+,16,1939134,301266,0.1554,0.1512,1.03,1.84,0.04
AM,Norte,alvo_iii_d_abst,quartil: maior alta da abstenção,70+ (voto facultativo),16,1939134,117466,0.0606,0.061,0.99,1.84,0.04
AM,Norte,alvo_iii_d_abst,quartil: maior alta da abstenção,sem fundamental completo,16,1939134,418198,0.2157,0.2719,0.79,1.84,0.04
AM,Norte,alvo_iii_d_abst,quartil: maior alta da abstenção,ensino superior,16,1939134,200473,0.1034,0.0879,1.18,1.84,0.04
AM,Norte,alvo_iii_d_abst,quartil: maior alta da abstenção,mulheres,16,1939134,1014266,0.5231,0.5144,1.02,1.84,0.04
AM,Norte,alvo_iv_terceiros,quartil: maior voto em terceiros,jovens 16–24,16,1837854,296201,0.1612,0.1786,0.9,8.11,6.71
AM,Norte,alvo_iv_terceiros,quartil: maior voto em terceiros,16–17 (voto facultativo),16,1837854,26979,0.0147,0.0183,0.8,8.11,6.71
AM,Norte,alvo_iv_terceiros,quartil: maior voto em terceiros,idosos 60+,16,1837854,285962,0.1556,0.1512,1.03,8.11,6.71
AM,Norte,alvo_iv_terceiros,quartil: maior voto em terceiros,70+ (voto facultativo),16,1837854,110133,0.0599,0.061,0.98,8.11,6.71
AM,Norte,alvo_iv_terceiros,quartil: maior voto em terceiros,sem fundamental completo,16,1837854,390637,0.2126,0.2719,0.78,8.11,6.71
AM,Norte,alvo_iv_terceiros,quartil: maior voto em terceiros,ensino superior,16,1837854,196204,0.1068,0.0879,1.21,8.11,6.71
AM,Norte,alvo_iv_terceiros,quartil: maior voto em terceiros,mulheres,16,1837854,962527,0.5237,0.5144,1.02,8.11,6.71
AP,Norte,alvo_ii_flavio_menos_bolso22,quartil: Flávio mais abaixo de Jair 2022,jovens 16–24,4,420489,72334,0.172,0.1796,0.96,1.44,2.42
AP,Norte,alvo_ii_flavio_menos_bolso22,quartil: Flávio mais abaixo de Jair 2022,16–17 (voto facultativo),4,420489,9834,0.0234,0.025,0.94,1.44,2.42
AP,Norte,alvo_ii_flavio_menos_bolso22,quartil: Flávio mais abaixo de Jair 2022,idosos 60+,4,420489,61804,0.147,0.1474,1.0,1.44,2.42
AP,Norte,alvo_ii_flavio_menos_bolso22,quartil: Flávio mais abaixo de Jair 2022,70+ (voto facultativo),4,420489,26669,0.0634,0.0632,1.0,1.44,2.42
AP,Norte,alvo_ii_flavio_menos_bolso22,quartil: Flávio mais abaixo de Jair 2022,sem fundamental completo,4,420489,96741,0.2301,0.274,0.84,1.44,2.42
AP,Norte,alvo_ii_flavio_menos_bolso22,quartil: Flávio mais abaixo de Jair 2022,ensino superior,4,420489,49388,0.1175,0.1013,1.16,1.44,2.42
AP,Norte,alvo_ii_flavio_menos_bolso22,quartil: Flávio mais abaixo de Jair 2022,mulheres,4,420489,220401,0.5242,0.5138,1.02,1.44,2.42
AP,Norte,alvo_i_swing_para_PL,quartil: menor swing para o PL,jovens 16–24,4,438590,76510,0.1744,0.1796,0.97,0.13,2.64
AP,Norte,alvo_i_swing_para_PL,quartil: menor swing para o PL,16–17 (voto facultativo),4,438590,10401,0.0237,0.025,0.95,0.13,2.64
AP,Norte,alvo_i_swing_para_PL,quartil: menor swing para o PL,idosos 60+,4,438590,64164,0.1463,0.1474,0.99,0.13,2.64
AP,Norte,alvo_i_swing_para_PL,quartil: menor swing para o PL,70+ (voto facultativo),4,438590,27717,0.0632,0.0632,1.0,0.13,2.64
AP,Norte,alvo_i_swing_para_PL,quartil: menor swing para o PL,sem fundamental completo,4,438590,105182,0.2398,0.274,0.88,0.13,2.64
AP,Norte,alvo_i_swing_para_PL,quartil: menor swing para o PL,ensino superior,4,438590,50362,0.1148,0.1013,1.13,0.13,2.64
AP,Norte,alvo_i_swing_para_PL,quartil: menor swing para o PL,mulheres,4,438590,229258,0.5227,0.5138,1.02,0.13,2.64
AP,Norte,alvo_iii_d_abst,quartil: maior alta da abstenção,jovens 16–24,4,25903,5447,0.2103,0.1796,1.17,2.94,-2.11
AP,Norte,alvo_iii_d_abst,quartil: maior alta da abstenção,16–17 (voto facultativo),4,25903,824,0.0318,0.025,1.27,2.94,-2.11
AP,Norte,alvo_iii_d_abst,quartil: maior alta da abstenção,idosos 60+,4,25903,3471,0.134,0.1474,0.91,2.94,-2.11
AP,Norte,alvo_iii_d_abst,quartil: maior alta da abstenção,70+ (voto facultativo),4,25903,1461,0.0564,0.0632,0.89,2.94,-2.11
AP,Norte,alvo_iii_d_abst,quartil: maior alta da abstenção,sem fundamental completo,4,25903,8693,0.3356,0.274,1.22,2.94,-2.11
AP,Norte,alvo_iii_d_abst,quartil: maior alta da abstenção,ensino superior,4,25903,1937,0.0748,0.1013,0.74,2.94,-2.11
AP,Norte,alvo_iii_d_abst,quartil: maior alta da abstenção,mulheres,4,25903,12308,0.4752,0.5138,0.92,2.94,-2.11
AP,Norte,alvo_iv_terceiros,quartil: maior voto em terceiros,jovens 16–24,4,431937,74328,0.1721,0.1796,0.96,9.32,8.58
AP,Norte,alvo_iv_terceiros,quartil: maior voto em terceiros,16–17 (voto facultativo),4,431937,10233,0.0237,0.025,0.95,9.32,8.58
AP,Norte,alvo_iv_terceiros,quartil: maior voto em terceiros,idosos 60+,4,431937,64154,0.1485,0.1474,1.01,9.32,8.58
AP,Norte,alvo_iv_terceiros,quartil: maior voto em terceiros,70+ (voto facultativo),4,431937,27654,0.064,0.0632,1.01,9.32,8.58
AP,Norte,alvo_iv_terceiros,quartil: maior voto em terceiros,sem fundamental completo,4,431937,101731,0.2355,0.274,0.86,9.32,8.58
AP,Norte,alvo_iv_terceiros,quartil: maior voto em terceiros,ensino superior,4,431937,50033,0.1158,0.1013,1.14,9.32,8.58
AP,Norte,alvo_iv_terceiros,quartil: maior voto em terceiros,mulheres,4,431937,226089,0.5234,0.5138,1.02,9.32,8.58
BA,Nordeste,alvo_ii_flavio_menos_bolso22,quartil: Flávio mais abaixo de Jair 2022,jovens 16–24,105,4759794,557194,0.1171,0.1286,0.91,2.59,4.25
BA,Nordeste,alvo_ii_flavio_menos_bolso22,quartil: Flávio mais abaixo de Jair 2022,16–17 (voto facultativo),105,4759794,43337,0.0091,0.0122,0.75,2.59,4.25
BA,Nordeste,alvo_ii_flavio_menos_bolso22,quartil: Flávio mais abaixo de Jair 2022,idosos 60+,105,4759794,1046835,0.2199,0.2155,1.02,2.59,4.25
BA,Nordeste,alvo_ii_flavio_menos_bolso22,quartil: Flávio mais abaixo de Jair 2022,70+ (voto facultativo),105,4759794,447177,0.0939,0.0952,0.99,2.59,4.25
BA,Nordeste,alvo_ii_flavio_menos_bolso22,quartil: Flávio mais abaixo de Jair 2022,sem fundamental completo,105,4759794,1466978,0.3082,0.3836,0.8,2.59,4.25
BA,Nordeste,alvo_ii_flavio_menos_bolso22,quartil: Flávio mais abaixo de Jair 2022,ensino superior,105,4759794,497158,0.1044,0.0791,1.32,2.59,4.25
BA,Nordeste,alvo_ii_flavio_menos_bolso22,quartil: Flávio mais abaixo de Jair 2022,mulheres,105,4759794,2564396,0.5388,0.5277,1.02,2.59,4.25
BA,Nordeste,alvo_i_swing_para_PL,quartil: menor swing para o PL,jovens 16–24,105,4638843,544817,0.1174,0.1286,0.91,4.1,7.89
BA,Nordeste,alvo_i_swing_para_PL,quartil: menor swing para o PL,16–17 (voto facultativo),105,4638843,42488,0.0092,0.0122,0.75,4.1,7.89
BA,Nordeste,alvo_i_swing_para_PL,quartil: menor swing para o PL,idosos 60+,105,4638843,1018838,0.2196,0.2155,1.02,4.1,7.89
BA,Nordeste,alvo_i_swing_para_PL,quartil: menor swing para o PL,70+ (voto facultativo),105,4638843,434849,0.0937,0.0952,0.98,4.1,7.89
BA,Nordeste,alvo_i_swing_para_PL,quartil: menor swing para o PL,sem fundamental completo,105,4638843,1439439,0.3103,0.3836,0.81,4.1,7.89
BA,Nordeste,alvo_i_swing_para_PL,quartil: menor swing para o PL,ensino superior,105,4638843,483204,0.1042,0.0791,1.32,4.1,7.89
BA,Nordeste,alvo_i_swing_para_PL,quartil: menor swing para o PL,mulheres,105,4638843,2497786,0.5385,0.5277,1.02,4.1,7.89
BA,Nordeste,alvo_iii_d_abst,quartil: maior alta da abstenção,jovens 16–24,105,6025435,712489,0.1182,0.1286,0.92,1.58,-1.27
BA,Nordeste,alvo_iii_d_abst,quartil: maior alta da abstenção,16–17 (voto facultativo),105,6025435,52798,0.0088,0.0122,0.72,1.58,-1.27
BA,Nordeste,alvo_iii_d_abst,quartil: maior alta da abstenção,idosos 60+,105,6025435,1274215,0.2115,0.2155,0.98,1.58,-1.27
BA,Nordeste,alvo_iii_d_abst,quartil: maior alta da abstenção,70+ (voto facultativo),105,6025435,544755,0.0904,0.0952,0.95,1.58,-1.27
BA,Nordeste,alvo_iii_d_abst,quartil: maior alta da abstenção,sem fundamental completo,105,6025435,1811476,0.3006,0.3836,0.78,1.58,-1.27
BA,Nordeste,alvo_iii_d_abst,quartil: maior alta da abstenção,ensino superior,105,6025435,627702,0.1042,0.0791,1.32,1.58,-1.27
BA,Nordeste,alvo_iii_d_abst,quartil: maior alta da abstenção,mulheres,105,6025435,3258531,0.5408,0.5277,1.02,1.58,-1.27
BA,Nordeste,alvo_iv_terceiros,quartil: maior voto em terceiros,jovens 16–24,106,6111414,724301,0.1185,0.1286,0.92,6.57,5.31
BA,Nordeste,alvo_iv_terceiros,quartil: maior voto em terceiros,16–17 (voto facultativo),106,6111414,54772,0.009,0.0122,0.73,6.57,5.31
BA,Nordeste,alvo_iv_terceiros,quartil: maior voto em terceiros,idosos 60+,106,6111414,1297596,0.2123,0.2155,0.99,6.57,5.31
BA,Nordeste,alvo_iv_terceiros,quartil: maior voto em terceiros,70+ (voto facultativo),106,6111414,552724,0.0904,0.0952,0.95,6.57,5.31
BA,Nordeste,alvo_iv_terceiros,quartil: maior voto em terceiros,sem fundamental completo,106,6111414,1847001,0.3022,0.3836,0.79,6.57,5.31
BA,Nordeste,alvo_iv_terceiros,quartil: maior voto em terceiros,ensino superior,106,6111414,646081,0.1057,0.0791,1.34,6.57,5.31
BA,Nordeste,alvo_iv_terceiros,quartil: maior voto em terceiros,mulheres,106,6111414,3303537,0.5406,0.5277,1.02,6.57,5.31
CE,Nordeste,alvo_ii_flavio_menos_bolso22,quartil: Flávio mais abaixo de Jair 2022,jovens 16–24,46,3310597,416890,0.1259,0.1355,0.93,4.48,6.04
CE,Nordeste,alvo_ii_flavio_menos_bolso22,quartil: Flávio mais abaixo de Jair 2022,16–17 (voto facultativo),46,3310597,43474,0.0131,0.0171,0.77,4.48,6.04
CE,Nordeste,alvo_ii_flavio_menos_bolso22,quartil: Flávio mais abaixo de Jair 2022,idosos 60+,46,3310597,703871,0.2126,0.2114,1.01,4.48,6.04
CE,Nordeste,alvo_ii_flavio_menos_bolso22,quartil: Flávio mais abaixo de Jair 2022,70+ (voto facultativo),46,3310597,303259,0.0916,0.0959,0.95,4.48,6.04
CE,Nordeste,alvo_ii_flavio_menos_bolso22,quartil: Flávio mais abaixo de Jair 2022,sem fundamental completo,46,3310597,954808,0.2884,0.3543,0.81,4.48,6.04
CE,Nordeste,alvo_ii_flavio_menos_bolso22,quartil: Flávio mais abaixo de Jair 2022,ensino superior,46,3310597,374475,0.1131,0.084,1.35,4.48,6.04
CE,Nordeste,alvo_ii_flavio_menos_bolso22,quartil: Flávio mais abaixo de Jair 2022,mulheres,46,3310597,1786085,0.5395,0.5278,1.02,4.48,6.04
CE,Nordeste,alvo_i_swing_para_PL,quartil: menor swing para o PL,jovens 16–24,47,3441418,434149,0.1262,0.1355,0.93,5.49,8.87
CE,Nordeste,alvo_i_swing_para_PL,quartil: menor swing para o PL,16–17 (voto facultativo),47,3441418,45981,0.0134,0.0171,0.78,5.49,8.87
CE,Nordeste,alvo_i_swing_para_PL,quartil: menor swing para o PL,idosos 60+,47,3441418,732593,0.2129,0.2114,1.01,5.49,8.87
CE,Nordeste,alvo_i_swing_para_PL,quartil: menor swing para o PL,70+ (voto facultativo),47,3441418,316678,0.092,0.0959,0.96,5.49,8.87
CE,Nordeste,alvo_i_swing_para_PL,quartil: menor swing para o PL,sem fundamental completo,47,3441418,1005683,0.2922,0.3543,0.82,5.49,8.87
CE,Nordeste,alvo_i_swing_para_PL,quartil: menor swing para o PL,ensino superior,47,3441418,381284,0.1108,0.084,1.32,5.49,8.87
CE,Nordeste,alvo_i_swing_para_PL,quartil: menor swing para o PL,mulheres,47,3441418,1852464,0.5383,0.5278,1.02,5.49,8.87
CE,Nordeste,alvo_iii_d_abst,quartil: maior alta da abstenção,jovens 16–24,46,1260517,176428,0.14,0.1355,1.03,0.59,-1.86
CE,Nordeste,alvo_iii_d_abst,quartil: maior alta da abstenção,16–17 (voto facultativo),46,1260517,21437,0.017,0.0171,1.0,0.59,-1.86
CE,Nordeste,alvo_iii_d_abst,quartil: maior alta da abstenção,idosos 60+,46,1260517,248528,0.1972,0.2114,0.93,0.59,-1.86
CE,Nordeste,alvo_iii_d_abst,quartil: maior alta da abstenção,70+ (voto facultativo),46,1260517,111728,0.0886,0.0959,0.92,0.59,-1.86
CE,Nordeste,alvo_iii_d_abst,quartil: maior alta da abstenção,sem fundamental completo,46,1260517,459637,0.3646,0.3543,1.03,0.59,-1.86
CE,Nordeste,alvo_iii_d_abst,quartil: maior alta da abstenção,ensino superior,46,1260517,77183,0.0612,0.084,0.73,0.59,-1.86
CE,Nordeste,alvo_iii_d_abst,quartil: maior alta da abstenção,mulheres,46,1260517,656246,0.5206,0.5278,0.99,0.59,-1.86
CE,Nordeste,alvo_iv_terceiros,quartil: maior voto em terceiros,jovens 16–24,47,3963712,507766,0.1281,0.1355,0.95,6.57,5.41
CE,Nordeste,alvo_iv_terceiros,quartil: maior voto em terceiros,16–17 (voto facultativo),47,3963712,53295,0.0134,0.0171,0.79,6.57,5.41
CE,Nordeste,alvo_iv_terceiros,quartil: maior voto em terceiros,idosos 60+,47,3963712,807612,0.2038,0.2114,0.96,6.57,5.41
CE,Nordeste,alvo_iv_terceiros,quartil: maior voto em terceiros,70+ (voto facultativo),47,3963712,346923,0.0875,0.0959,0.91,6.57,5.41
CE,Nordeste,alvo_iv_terceiros,quartil: maior voto em terceiros,sem fundamental completo,47,3963712,1145010,0.2889,0.3543,0.82,6.57,5.41
CE,Nordeste,alvo_iv_terceiros,quartil: maior voto em terceiros,ensino superior,47,3963712,420892,0.1062,0.084,1.26,6.57,5.41
CE,Nordeste,alvo_iv_terceiros,quartil: maior voto em terceiros,mulheres,47,3963712,2129012,0.5371,0.5278,1.02,6.57,5.41
ES,Sudeste,alvo_ii_flavio_menos_bolso22,quartil: Flávio mais abaixo de Jair 2022,jovens 16–24,20,1806017,195004,0.108,0.1075,1.0,1.53,2.59
ES,Sudeste,alvo_ii_flavio_menos_bolso22,quartil: Flávio mais abaixo de Jair 2022,16–17 (voto facultativo),20,1806017,10832,0.006,0.0068,0.88,1.53,2.59
ES,Sudeste,alvo_ii_flavio_menos_bolso22,quartil: Flávio mais abaixo de Jair 2022,idosos 60+,20,1806017,441695,0.2446,0.2476,0.99,1.53,2.59
ES,Sudeste,alvo_ii_flavio_menos_bolso22,quartil: Flávio mais abaixo de Jair 2022,70+ (voto facultativo),20,1806017,197302,0.1092,0.1126,0.97,1.53,2.59
ES,Sudeste,alvo_ii_flavio_menos_bolso22,quartil: Flávio mais abaixo de Jair 2022,sem fundamental completo,20,1806017,473836,0.2624,0.3174,0.83,1.53,2.59
ES,Sudeste,alvo_ii_flavio_menos_bolso22,quartil: Flávio mais abaixo de Jair 2022,ensino superior,20,1806017,241663,0.1338,0.1121,1.19,1.53,2.59
ES,Sudeste,alvo_ii_flavio_menos_bolso22,quartil: Flávio mais abaixo de Jair 2022,mulheres,20,1806017,967443,0.5357,0.5279,1.01,1.53,2.59
ES,Sudeste,alvo_i_swing_para_PL,quartil: menor swing para o PL,jovens 16–24,20,1823167,197273,0.1082,0.1075,1.01,3.26,5.29
ES,Sudeste,alvo_i_swing_para_PL,quartil: menor swing para o PL,16–17 (voto facultativo),20,1823167,10941,0.006,0.0068,0.88,3.26,5.29
ES,Sudeste,alvo_i_swing_para_PL,quartil: menor swing para o PL,idosos 60+,20,1823167,446792,0.2451,0.2476,0.99,3.26,5.29
ES,Sudeste,alvo_i_swing_para_PL,quartil: menor swing para o PL,70+ (voto facultativo),20,1823167,199967,0.1097,0.1126,0.97,3.26,5.29
ES,Sudeste,alvo_i_swing_para_PL,quartil: menor swing para o PL,sem fundamental completo,20,1823167,482014,0.2644,0.3174,0.83,3.26,5.29
ES,Sudeste,alvo_i_swing_para_PL,quartil: menor swing para o PL,ensino superior,20,1823167,242639,0.1331,0.1121,1.19,3.26,5.29
ES,Sudeste,alvo_i_swing_para_PL,quartil: menor swing para o PL,mulheres,20,1823167,977317,0.5361,0.5279,1.02,3.26,5.29
ES,Sudeste,alvo_iii_d_abst,quartil: maior alta da abstenção,jovens 16–24,20,1552357,166719,0.1074,0.1075,1.0,1.85,0.62
ES,Sudeste,alvo_iii_d_abst,quartil: maior alta da abstenção,16–17 (voto facultativo),20,1552357,8551,0.0055,0.0068,0.81,1.85,0.62
ES,Sudeste,alvo_iii_d_abst,quartil: maior alta da abstenção,idosos 60+,20,1552357,379716,0.2446,0.2476,0.99,1.85,0.62
ES,Sudeste,alvo_iii_d_abst,quartil: maior alta da abstenção,70+ (voto facultativo),20,1552357,169846,0.1094,0.1126,0.97,1.85,0.62
ES,Sudeste,alvo_iii_d_abst,quartil: maior alta da abstenção,sem fundamental completo,20,1552357,389507,0.2509,0.3174,0.79,1.85,0.62
ES,Sudeste,alvo_iii_d_abst,quartil: maior alta da abstenção,ensino superior,20,1552357,213287,0.1374,0.1121,1.23,1.85,0.62
ES,Sudeste,alvo_iii_d_abst,quartil: maior alta da abstenção,mulheres,20,1552357,831395,0.5356,0.5279,1.01,1.85,0.62
ES,Sudeste,alvo_iv_terceiros,quartil: maior voto em terceiros,jovens 16–24,20,1869671,199143,0.1065,0.1075,0.99,8.36,7.44
ES,Sudeste,alvo_iv_terceiros,quartil: maior voto em terceiros,16–17 (voto facultativo),20,1869671,10439,0.0056,0.0068,0.82,8.36,7.44
ES,Sudeste,alvo_iv_terceiros,quartil: maior voto em terceiros,idosos 60+,20,1869671,454182,0.2429,0.2476,0.98,8.36,7.44
ES,Sudeste,alvo_iv_terceiros,quartil: maior voto em terceiros,70+ (voto facultativo),20,1869671,201015,0.1075,0.1126,0.95,8.36,7.44
ES,Sudeste,alvo_iv_terceiros,quartil: maior voto em terceiros,sem fundamental completo,20,1869671,487189,0.2606,0.3174,0.82,8.36,7.44
ES,Sudeste,alvo_iv_terceiros,quartil: maior voto em terceiros,ensino superior,20,1869671,248274,0.1328,0.1121,1.19,8.36,7.44
ES,Sudeste,alvo_iv_terceiros,quartil: maior voto em terceiros,mulheres,20,1869671,999360,0.5345,0.5279,1.01,8.36,7.44
GO,Centro-Oeste,alvo_ii_flavio_menos_bolso22,quartil: Flávio mais abaixo de Jair 2022,jovens 16–24,62,2867513,365015,0.1273,0.1249,1.02,-0.88,1.55
GO,Centro-Oeste,alvo_ii_flavio_menos_bolso22,quartil: Flávio mais abaixo de Jair 2022,16–17 (voto facultativo),62,2867513,24905,0.0087,0.0098,0.88,-0.88,1.55
GO,Centro-Oeste,alvo_ii_flavio_menos_bolso22,quartil: Flávio mais abaixo de Jair 2022,idosos 60+,62,2867513,583507,0.2035,0.2175,0.94,-0.88,1.55
GO,Centro-Oeste,alvo_ii_flavio_menos_bolso22,quartil: Flávio mais abaixo de Jair 2022,70+ (voto facultativo),62,2867513,251892,0.0878,0.096,0.91,-0.88,1.55
GO,Centro-Oeste,alvo_ii_flavio_menos_bolso22,quartil: Flávio mais abaixo de Jair 2022,sem fundamental completo,62,2867513,693714,0.2419,0.2852,0.85,-0.88,1.55
GO,Centro-Oeste,alvo_ii_flavio_menos_bolso22,quartil: Flávio mais abaixo de Jair 2022,ensino superior,62,2867513,358599,0.1251,0.1173,1.07,-0.88,1.55
GO,Centro-Oeste,alvo_ii_flavio_menos_bolso22,quartil: Flávio mais abaixo de Jair 2022,mulheres,62,2867513,1544524,0.5386,0.5298,1.02,-0.88,1.55
GO,Centro-Oeste,alvo_i_swing_para_PL,quartil: menor swing para o PL,jovens 16–24,62,2990474,382692,0.128,0.1249,1.02,5.76,10.15
GO,Centro-Oeste,alvo_i_swing_para_PL,quartil: menor swing para o PL,16–17 (voto facultativo),62,2990474,26154,0.0087,0.0098,0.89,5.76,10.15
GO,Centro-Oeste,alvo_i_swing_para_PL,quartil: menor swing para o PL,idosos 60+,62,2990474,605286,0.2024,0.2175,0.93,5.76,10.15
GO,Centro-Oeste,alvo_i_swing_para_PL,quartil: menor swing para o PL,70+ (voto facultativo),62,2990474,260872,0.0872,0.096,0.91,5.76,10.15
GO,Centro-Oeste,alvo_i_swing_para_PL,quartil: menor swing para o PL,sem fundamental completo,62,2990474,723617,0.242,0.2852,0.85,5.76,10.15
GO,Centro-Oeste,alvo_i_swing_para_PL,quartil: menor swing para o PL,ensino superior,62,2990474,376828,0.126,0.1173,1.07,5.76,10.15
GO,Centro-Oeste,alvo_i_swing_para_PL,quartil: menor swing para o PL,mulheres,62,2990474,1612034,0.5391,0.5298,1.02,5.76,10.15
GO,Centro-Oeste,alvo_iii_d_abst,quartil: maior alta da abstenção,jovens 16–24,62,568850,81129,0.1426,0.1249,1.14,2.66,0.12
GO,Centro-Oeste,alvo_iii_d_abst,quartil: maior alta da abstenção,16–17 (voto facultativo),62,568850,7292,0.0128,0.0098,1.3,2.66,0.12
GO,Centro-Oeste,alvo_iii_d_abst,quartil: maior alta da abstenção,idosos 60+,62,568850,116306,0.2045,0.2175,0.94,2.66,0.12
GO,Centro-Oeste,alvo_iii_d_abst,quartil: maior alta da abstenção,70+ (voto facultativo),62,568850,49917,0.0878,0.096,0.91,2.66,0.12
GO,Centro-Oeste,alvo_iii_d_abst,quartil: maior alta da abstenção,sem fundamental completo,62,568850,192962,0.3392,0.2852,1.19,2.66,0.12
GO,Centro-Oeste,alvo_iii_d_abst,quartil: maior alta da abstenção,ensino superior,62,568850,47475,0.0835,0.1173,0.71,2.66,0.12
GO,Centro-Oeste,alvo_iii_d_abst,quartil: maior alta da abstenção,mulheres,62,568850,295746,0.5199,0.5298,0.98,2.66,0.12
GO,Centro-Oeste,alvo_iv_terceiros,quartil: maior voto em terceiros,jovens 16–24,63,2188956,260752,0.1191,0.1249,0.95,17.88,15.32
GO,Centro-Oeste,alvo_iv_terceiros,quartil: maior voto em terceiros,16–17 (voto facultativo),63,2188956,17401,0.0079,0.0098,0.81,17.88,15.32
GO,Centro-Oeste,alvo_iv_terceiros,quartil: maior voto em terceiros,idosos 60+,63,2188956,469024,0.2143,0.2175,0.99,17.88,15.32
GO,Centro-Oeste,alvo_iv_terceiros,quartil: maior voto em terceiros,70+ (voto facultativo),63,2188956,205805,0.094,0.096,0.98,17.88,15.32
GO,Centro-Oeste,alvo_iv_terceiros,quartil: maior voto em terceiros,sem fundamental completo,63,2188956,524908,0.2398,0.2852,0.84,17.88,15.32
GO,Centro-Oeste,alvo_iv_terceiros,quartil: maior voto em terceiros,ensino superior,63,2188956,289120,0.1321,0.1173,1.13,17.88,15.32
GO,Centro-Oeste,alvo_iv_terceiros,quartil: maior voto em terceiros,mulheres,63,2188956,1177229,0.5378,0.5298,1.02,17.88,15.32
MA,Nordeste,alvo_ii_flavio_menos_bolso22,quartil: Flávio mais abaixo de Jair 2022,jovens 16–24,55,2307598,360712,0.1563,0.1704,0.92,3.05,4.91
MA,Nordeste,alvo_ii_flavio_menos_bolso22,quartil: Flávio mais abaixo de Jair 2022,16–17 (voto facultativo),55,2307598,40893,0.0177,0.0214,0.83,3.05,4.91
MA,Nordeste,alvo_ii_flavio_menos_bolso22,quartil: Flávio mais abaixo de Jair 2022,idosos 60+,55,2307598,440634,0.1909,0.1885,1.01,3.05,4.91
MA,Nordeste,alvo_ii_flavio_menos_bolso22,quartil: Flávio mais abaixo de Jair 2022,70+ (voto facultativo),55,2307598,199507,0.0865,0.087,0.99,3.05,4.91
MA,Nordeste,alvo_ii_flavio_menos_bolso22,quartil: Flávio mais abaixo de Jair 2022,sem fundamental completo,55,2307598,714231,0.3095,0.3876,0.8,3.05,4.91
MA,Nordeste,alvo_ii_flavio_menos_bolso22,quartil: Flávio mais abaixo de Jair 2022,ensino superior,55,2307598,176780,0.0766,0.0608,1.26,3.05,4.91
MA,Nordeste,alvo_ii_flavio_menos_bolso22,quartil: Flávio mais abaixo de Jair 2022,mulheres,55,2307598,1220810,0.529,0.5193,1.02,3.05,4.91
MA,Nordeste,alvo_i_swing_para_PL,quartil: menor swing para o PL,jovens 16–24,55,2097325,329138,0.1569,0.1704,0.92,5.67,9.8
MA,Nordeste,alvo_i_swing_para_PL,quartil: menor swing para o PL,16–17 (voto facultativo),55,2097325,37913,0.0181,0.0214,0.85,5.67,9.8
MA,Nordeste,alvo_i_swing_para_PL,quartil: menor swing para o PL,idosos 60+,55,2097325,400903,0.1911,0.1885,1.01,5.67,9.8
MA,Nordeste,alvo_i_swing_para_PL,quartil: menor swing para o PL,70+ (voto facultativo),55,2097325,181552,0.0866,0.087,0.99,5.67,9.8
MA,Nordeste,alvo_i_swing_para_PL,quartil: menor swing para o PL,sem fundamental completo,55,2097325,661815,0.3156,0.3876,0.81,5.67,9.8
MA,Nordeste,alvo_i_swing_para_PL,quartil: menor swing para o PL,ensino superior,55,2097325,156779,0.0748,0.0608,1.23,5.67,9.8
MA,Nordeste,alvo_i_swing_para_PL,quartil: menor swing para o PL,mulheres,55,2097325,1108059,0.5283,0.5193,1.02,5.67,9.8
MA,Nordeste,alvo_iii_d_abst,quartil: maior alta da abstenção,jovens 16–24,55,2514823,402387,0.16,0.1704,0.94,0.14,-2.28
MA,Nordeste,alvo_iii_d_abst,quartil: maior alta da abstenção,16–17 (voto facultativo),55,2514823,47489,0.0189,0.0214,0.88,0.14,-2.28
MA,Nordeste,alvo_iii_d_abst,quartil: maior alta da abstenção,idosos 60+,55,2514823,476293,0.1894,0.1885,1.0,0.14,-2.28
MA,Nordeste,alvo_iii_d_abst,quartil: maior alta da abstenção,70+ (voto facultativo),55,2514823,216573,0.0861,0.087,0.99,0.14,-2.28
MA,Nordeste,alvo_iii_d_abst,quartil: maior alta da abstenção,sem fundamental completo,55,2514823,801651,0.3188,0.3876,0.82,0.14,-2.28
MA,Nordeste,alvo_iii_d_abst,quartil: maior alta da abstenção,ensino superior,55,2514823,194255,0.0772,0.0608,1.27,0.14,-2.28
MA,Nordeste,alvo_iii_d_abst,quartil: maior alta da abstenção,mulheres,55,2514823,1331996,0.5297,0.5193,1.02,0.14,-2.28
MA,Nordeste,alvo_iv_terceiros,quartil: maior voto em terceiros,jovens 16–24,55,2502029,386415,0.1544,0.1704,0.91,6.66,5.06
MA,Nordeste,alvo_iv_terceiros,quartil: maior voto em terceiros,16–17 (voto facultativo),55,2502029,42611,0.017,0.0214,0.8,6.66,5.06
MA,Nordeste,alvo_iv_terceiros,quartil: maior voto em terceiros,idosos 60+,55,2502029,469026,0.1875,0.1885,0.99,6.66,5.06
MA,Nordeste,alvo_iv_terceiros,quartil: maior voto em terceiros,70+ (voto facultativo),55,2502029,209555,0.0838,0.087,0.96,6.66,5.06
MA,Nordeste,alvo_iv_terceiros,quartil: maior voto em terceiros,sem fundamental completo,55,2502029,738599,0.2952,0.3876,0.76,6.66,5.06
MA,Nordeste,alvo_iv_terceiros,quartil: maior voto em terceiros,ensino superior,55,2502029,206062,0.0824,0.0608,1.36,6.66,5.06
MA,Nordeste,alvo_iv_terceiros,quartil: maior voto em terceiros,mulheres,55,2502029,1329901,0.5315,0.5193,1.02,6.66,5.06
MG,Sudeste,alvo_ii_flavio_menos_bolso22,quartil: Flávio mais abaixo de Jair 2022,jovens 16–24,216,9215584,978751,0.1062,0.1077,0.99,3.14,4.7
MG,Sudeste,alvo_ii_flavio_menos_bolso22,quartil: Flávio mais abaixo de Jair 2022,16–17 (voto facultativo),216,9215584,66366,0.0072,0.0081,0.89,3.14,4.7
MG,Sudeste,alvo_ii_flavio_menos_bolso22,quartil: Flávio mais abaixo de Jair 2022,idosos 60+,216,9215584,2422804,0.2629,0.265,0.99,3.14,4.7
MG,Sudeste,alvo_ii_flavio_menos_bolso22,quartil: Flávio mais abaixo de Jair 2022,70+ (voto facultativo),216,9215584,1153211,0.1251,0.1272,0.98,3.14,4.7
MG,Sudeste,alvo_ii_flavio_menos_bolso22,quartil: Flávio mais abaixo de Jair 2022,sem fundamental completo,216,9215584,2678423,0.2906,0.3443,0.84,3.14,4.7
MG,Sudeste,alvo_ii_flavio_menos_bolso22,quartil: Flávio mais abaixo de Jair 2022,ensino superior,216,9215584,1148614,0.1246,0.1021,1.22,3.14,4.7
MG,Sudeste,alvo_ii_flavio_menos_bolso22,quartil: Flávio mais abaixo de Jair 2022,mulheres,216,9215584,4924816,0.5344,0.5248,1.02,3.14,4.7
MG,Sudeste,alvo_i_swing_para_PL,quartil: menor swing para o PL,jovens 16–24,214,9048395,961682,0.1063,0.1077,0.99,6.41,9.75
MG,Sudeste,alvo_i_swing_para_PL,quartil: menor swing para o PL,16–17 (voto facultativo),214,9048395,65961,0.0073,0.0081,0.9,6.41,9.75
MG,Sudeste,alvo_i_swing_para_PL,quartil: menor swing para o PL,idosos 60+,214,9048395,2380214,0.2631,0.265,0.99,6.41,9.75
MG,Sudeste,alvo_i_swing_para_PL,quartil: menor swing para o PL,70+ (voto facultativo),214,9048395,1132526,0.1252,0.1272,0.98,6.41,9.75
MG,Sudeste,alvo_i_swing_para_PL,quartil: menor swing para o PL,sem fundamental completo,214,9048395,2616344,0.2892,0.3443,0.84,6.41,9.75
MG,Sudeste,alvo_i_swing_para_PL,quartil: menor swing para o PL,ensino superior,214,9048395,1136469,0.1256,0.1021,1.23,6.41,9.75
MG,Sudeste,alvo_i_swing_para_PL,quartil: menor swing para o PL,mulheres,214,9048395,4835398,0.5344,0.5248,1.02,6.41,9.75
MG,Sudeste,alvo_iii_d_abst,quartil: maior alta da abstenção,jovens 16–24,217,5715725,584047,0.1022,0.1077,0.95,2.4,0.56
MG,Sudeste,alvo_iii_d_abst,quartil: maior alta da abstenção,16–17 (voto facultativo),217,5715725,39184,0.0069,0.0081,0.84,2.4,0.56
MG,Sudeste,alvo_iii_d_abst,quartil: maior alta da abstenção,idosos 60+,217,5715725,1545694,0.2704,0.265,1.02,2.4,0.56
MG,Sudeste,alvo_iii_d_abst,quartil: maior alta da abstenção,70+ (voto facultativo),217,5715725,750652,0.1313,0.1272,1.03,2.4,0.56
MG,Sudeste,alvo_iii_d_abst,quartil: maior alta da abstenção,sem fundamental completo,217,5715725,1698112,0.2971,0.3443,0.86,2.4,0.56
MG,Sudeste,alvo_iii_d_abst,quartil: maior alta da abstenção,ensino superior,217,5715725,676553,0.1184,0.1021,1.16,2.4,0.56
MG,Sudeste,alvo_iii_d_abst,quartil: maior alta da abstenção,mulheres,217,5715725,3033642,0.5308,0.5248,1.01,2.4,0.56
MG,Sudeste,alvo_iv_terceiros,quartil: maior voto em terceiros,jovens 16–24,214,9027937,940100,0.1041,0.1077,0.97,9.97,8.39
MG,Sudeste,alvo_iv_terceiros,quartil: maior voto em terceiros,16–17 (voto facultativo),214,9027937,58238,0.0065,0.0081,0.79,9.97,8.39
MG,Sudeste,alvo_iv_terceiros,quartil: maior voto em terceiros,idosos 60+,214,9027937,2368853,0.2624,0.265,0.99,9.97,8.39
MG,Sudeste,alvo_iv_terceiros,quartil: maior voto em terceiros,70+ (voto facultativo),214,9027937,1109497,0.1229,0.1272,0.97,9.97,8.39
MG,Sudeste,alvo_iv_terceiros,quartil: maior voto em terceiros,sem fundamental completo,214,9027937,2527200,0.2799,0.3443,0.81,9.97,8.39
MG,Sudeste,alvo_iv_terceiros,quartil: maior voto em terceiros,ensino superior,214,9027937,1144780,0.1268,0.1021,1.24,9.97,8.39
MG,Sudeste,alvo_iv_terceiros,quartil: maior voto em terceiros,mulheres,214,9027937,4808865,0.5327,0.5248,1.01,9.97,8.39
MS,Centro-Oeste,alvo_ii_flavio_menos_bolso22,quartil: Flávio mais abaixo de Jair 2022,jovens 16–24,20,1246949,151031,0.1211,0.1238,0.98,4.72,5.94
MS,Centro-Oeste,alvo_ii_flavio_menos_bolso22,quartil: Flávio mais abaixo de Jair 2022,16–17 (voto facultativo),20,1246949,12048,0.0097,0.0112,0.86,4.72,5.94
MS,Centro-Oeste,alvo_ii_flavio_menos_bolso22,quartil: Flávio mais abaixo de Jair 2022,idosos 60+,20,1246949,279504,0.2242,0.2272,0.99,4.72,5.94
MS,Centro-Oeste,alvo_ii_flavio_menos_bolso22,quartil: Flávio mais abaixo de Jair 2022,70+ (voto facultativo),20,1246949,120509,0.0966,0.0999,0.97,4.72,5.94
MS,Centro-Oeste,alvo_ii_flavio_menos_bolso22,quartil: Flávio mais abaixo de Jair 2022,sem fundamental completo,20,1246949,327745,0.2628,0.3208,0.82,4.72,5.94
MS,Centro-Oeste,alvo_ii_flavio_menos_bolso22,quartil: Flávio mais abaixo de Jair 2022,ensino superior,20,1246949,211334,0.1695,0.1408,1.2,4.72,5.94
MS,Centro-Oeste,alvo_ii_flavio_menos_bolso22,quartil: Flávio mais abaixo de Jair 2022,mulheres,20,1246949,668354,0.536,0.5281,1.01,4.72,5.94
MS,Centro-Oeste,alvo_i_swing_para_PL,quartil: menor swing para o PL,jovens 16–24,20,1250077,151336,0.1211,0.1238,0.98,7.81,10.4
MS,Centro-Oeste,alvo_i_swing_para_PL,quartil: menor swing para o PL,16–17 (voto facultativo),20,1250077,12091,0.0097,0.0112,0.86,7.81,10.4
MS,Centro-Oeste,alvo_i_swing_para_PL,quartil: menor swing para o PL,idosos 60+,20,1250077,280368,0.2243,0.2272,0.99,7.81,10.4
MS,Centro-Oeste,alvo_i_swing_para_PL,quartil: menor swing para o PL,70+ (voto facultativo),20,1250077,120679,0.0965,0.0999,0.97,7.81,10.4
MS,Centro-Oeste,alvo_i_swing_para_PL,quartil: menor swing para o PL,sem fundamental completo,20,1250077,327788,0.2622,0.3208,0.82,7.81,10.4
MS,Centro-Oeste,alvo_i_swing_para_PL,quartil: menor swing para o PL,ensino superior,20,1250077,211904,0.1695,0.1408,1.2,7.81,10.4
MS,Centro-Oeste,alvo_i_swing_para_PL,quartil: menor swing para o PL,mulheres,20,1250077,669598,0.5356,0.5281,1.01,7.81,10.4
MS,Centro-Oeste,alvo_iii_d_abst,quartil: maior alta da abstenção,jovens 16–24,20,262558,35269,0.1343,0.1238,1.08,4.88,1.76
MS,Centro-Oeste,alvo_iii_d_abst,quartil: maior alta da abstenção,16–17 (voto facultativo),20,262558,3660,0.0139,0.0112,1.24,4.88,1.76
MS,Centro-Oeste,alvo_iii_d_abst,quartil: maior alta da abstenção,idosos 60+,20,262558,58544,0.223,0.2272,0.98,4.88,1.76
MS,Centro-Oeste,alvo_iii_d_abst,quartil: maior alta da abstenção,70+ (voto facultativo),20,262558,26584,0.1013,0.0999,1.01,4.88,1.76
MS,Centro-Oeste,alvo_iii_d_abst,quartil: maior alta da abstenção,sem fundamental completo,20,262558,112367,0.428,0.3208,1.33,4.88,1.76
MS,Centro-Oeste,alvo_iii_d_abst,quartil: maior alta da abstenção,ensino superior,20,262558,22875,0.0871,0.1408,0.62,4.88,1.76
MS,Centro-Oeste,alvo_iii_d_abst,quartil: maior alta da abstenção,mulheres,20,262558,135451,0.5159,0.5281,0.98,4.88,1.76
MS,Centro-Oeste,alvo_iv_terceiros,quartil: maior voto em terceiros,jovens 16–24,20,1110064,128782,0.116,0.1238,0.94,8.04,6.66
MS,Centro-Oeste,alvo_iv_terceiros,quartil: maior voto em terceiros,16–17 (voto facultativo),20,1110064,9831,0.0089,0.0112,0.79,8.04,6.66
MS,Centro-Oeste,alvo_iv_terceiros,quartil: maior voto em terceiros,idosos 60+,20,1110064,254057,0.2289,0.2272,1.01,8.04,6.66
MS,Centro-Oeste,alvo_iv_terceiros,quartil: maior voto em terceiros,70+ (voto facultativo),20,1110064,109363,0.0985,0.0999,0.99,8.04,6.66
MS,Centro-Oeste,alvo_iv_terceiros,quartil: maior voto em terceiros,sem fundamental completo,20,1110064,274108,0.2469,0.3208,0.77,8.04,6.66
MS,Centro-Oeste,alvo_iv_terceiros,quartil: maior voto em terceiros,ensino superior,20,1110064,199032,0.1793,0.1408,1.27,8.04,6.66
MS,Centro-Oeste,alvo_iv_terceiros,quartil: maior voto em terceiros,mulheres,20,1110064,595883,0.5368,0.5281,1.02,8.04,6.66
MT,Centro-Oeste,alvo_ii_flavio_menos_bolso22,quartil: Flávio mais abaixo de Jair 2022,jovens 16–24,36,1578674,211959,0.1343,0.1355,0.99,3.8,5.07
MT,Centro-Oeste,alvo_ii_flavio_menos_bolso22,quartil: Flávio mais abaixo de Jair 2022,16–17 (voto facultativo),36,1578674,22391,0.0142,0.0158,0.9,3.8,5.07
MT,Centro-Oeste,alvo_ii_flavio_menos_bolso22,quartil: Flávio mais abaixo de Jair 2022,idosos 60+,36,1578674,293567,0.186,0.196,0.95,3.8,5.07
MT,Centro-Oeste,alvo_ii_flavio_menos_bolso22,quartil: Flávio mais abaixo de Jair 2022,70+ (voto facultativo),36,1578674,116215,0.0736,0.0806,0.91,3.8,5.07
MT,Centro-Oeste,alvo_ii_flavio_menos_bolso22,quartil: Flávio mais abaixo de Jair 2022,sem fundamental completo,36,1578674,375200,0.2377,0.2868,0.83,3.8,5.07
MT,Centro-Oeste,alvo_ii_flavio_menos_bolso22,quartil: Flávio mais abaixo de Jair 2022,ensino superior,36,1578674,256079,0.1622,0.1377,1.18,3.8,5.07
MT,Centro-Oeste,alvo_ii_flavio_menos_bolso22,quartil: Flávio mais abaixo de Jair 2022,mulheres,36,1578674,830686,0.5262,0.514,1.02,3.8,5.07
MT,Centro-Oeste,alvo_i_swing_para_PL,quartil: menor swing para o PL,jovens 16–24,36,1306421,173820,0.1331,0.1355,0.98,7.05,10.09
MT,Centro-Oeste,alvo_i_swing_para_PL,quartil: menor swing para o PL,16–17 (voto facultativo),36,1306421,18041,0.0138,0.0158,0.87,7.05,10.09
MT,Centro-Oeste,alvo_i_swing_para_PL,quartil: menor swing para o PL,idosos 60+,36,1306421,250376,0.1917,0.196,0.98,7.05,10.09
MT,Centro-Oeste,alvo_i_swing_para_PL,quartil: menor swing para o PL,70+ (voto facultativo),36,1306421,99619,0.0763,0.0806,0.95,7.05,10.09
MT,Centro-Oeste,alvo_i_swing_para_PL,quartil: menor swing para o PL,sem fundamental completo,36,1306421,312679,0.2393,0.2868,0.83,7.05,10.09
MT,Centro-Oeste,alvo_i_swing_para_PL,quartil: menor swing para o PL,ensino superior,36,1306421,215256,0.1648,0.1377,1.2,7.05,10.09
MT,Centro-Oeste,alvo_i_swing_para_PL,quartil: menor swing para o PL,mulheres,36,1306421,687590,0.5263,0.514,1.02,7.05,10.09
MT,Centro-Oeste,alvo_iii_d_abst,quartil: maior alta da abstenção,jovens 16–24,36,1340042,178039,0.1329,0.1355,0.98,0.93,-1.13
MT,Centro-Oeste,alvo_iii_d_abst,quartil: maior alta da abstenção,16–17 (voto facultativo),36,1340042,18391,0.0137,0.0158,0.87,0.93,-1.13
MT,Centro-Oeste,alvo_iii_d_abst,quartil: maior alta da abstenção,idosos 60+,36,1340042,259760,0.1938,0.196,0.99,0.93,-1.13
MT,Centro-Oeste,alvo_iii_d_abst,quartil: maior alta da abstenção,70+ (voto facultativo),36,1340042,104734,0.0782,0.0806,0.97,0.93,-1.13
MT,Centro-Oeste,alvo_iii_d_abst,quartil: maior alta da abstenção,sem fundamental completo,36,1340042,313514,0.234,0.2868,0.82,0.93,-1.13
MT,Centro-Oeste,alvo_iii_d_abst,quartil: maior alta da abstenção,ensino superior,36,1340042,218116,0.1628,0.1377,1.18,0.93,-1.13
MT,Centro-Oeste,alvo_iii_d_abst,quartil: maior alta da abstenção,mulheres,36,1340042,705729,0.5266,0.514,1.02,0.93,-1.13
MT,Centro-Oeste,alvo_iv_terceiros,quartil: maior voto em terceiros,jovens 16–24,36,1255074,163295,0.1301,0.1355,0.96,7.04,5.63
MT,Centro-Oeste,alvo_iv_terceiros,quartil: maior voto em terceiros,16–17 (voto facultativo),36,1255074,16494,0.0131,0.0158,0.83,7.04,5.63
MT,Centro-Oeste,alvo_iv_terceiros,quartil: maior voto em terceiros,idosos 60+,36,1255074,255783,0.2038,0.196,1.04,7.04,5.63
MT,Centro-Oeste,alvo_iv_terceiros,quartil: maior voto em terceiros,70+ (voto facultativo),36,1255074,104513,0.0833,0.0806,1.03,7.04,5.63
MT,Centro-Oeste,alvo_iv_terceiros,quartil: maior voto em terceiros,sem fundamental completo,36,1255074,291648,0.2324,0.2868,0.81,7.04,5.63
MT,Centro-Oeste,alvo_iv_terceiros,quartil: maior voto em terceiros,ensino superior,36,1255074,210843,0.168,0.1377,1.22,7.04,5.63
MT,Centro-Oeste,alvo_iv_terceiros,quartil: maior voto em terceiros,mulheres,36,1255074,663450,0.5286,0.514,1.03,7.04,5.63
PA,Norte,alvo_ii_flavio_menos_bolso22,quartil: Flávio mais abaixo de Jair 2022,jovens 16–24,36,2628264,400948,0.1526,0.1637,0.93,1.43,4.29
PA,Norte,alvo_ii_flavio_menos_bolso22,quartil: Flávio mais abaixo de Jair 2022,16–17 (voto facultativo),36,2628264,40331,0.0153,0.0171,0.9,1.43,4.29
PA,Norte,alvo_ii_flavio_menos_bolso22,quartil: Flávio mais abaixo de Jair 2022,idosos 60+,36,2628264,500107,0.1903,0.1746,1.09,1.43,4.29
PA,Norte,alvo_ii_flavio_menos_bolso22,quartil: Flávio mais abaixo de Jair 2022,70+ (voto facultativo),36,2628264,226105,0.086,0.078,1.1,1.43,4.29
PA,Norte,alvo_ii_flavio_menos_bolso22,quartil: Flávio mais abaixo de Jair 2022,sem fundamental completo,36,2628264,817451,0.311,0.3731,0.83,1.43,4.29
PA,Norte,alvo_ii_flavio_menos_bolso22,quartil: Flávio mais abaixo de Jair 2022,ensino superior,36,2628264,256115,0.0974,0.0747,1.3,1.43,4.29
PA,Norte,alvo_ii_flavio_menos_bolso22,quartil: Flávio mais abaixo de Jair 2022,mulheres,36,2628264,1362347,0.5183,0.5076,1.02,1.43,4.29
PA,Norte,alvo_i_swing_para_PL,quartil: menor swing para o PL,jovens 16–24,36,2543562,385440,0.1515,0.1637,0.93,0.23,6.75
PA,Norte,alvo_i_swing_para_PL,quartil: menor swing para o PL,16–17 (voto facultativo),36,2543562,39325,0.0155,0.0171,0.91,0.23,6.75
PA,Norte,alvo_i_swing_para_PL,quartil: menor swing para o PL,idosos 60+,36,2543562,489751,0.1925,0.1746,1.1,0.23,6.75
PA,Norte,alvo_i_swing_para_PL,quartil: menor swing para o PL,70+ (voto facultativo),36,2543562,222940,0.0876,0.078,1.12,0.23,6.75
PA,Norte,alvo_i_swing_para_PL,quartil: menor swing para o PL,sem fundamental completo,36,2543562,802742,0.3156,0.3731,0.85,0.23,6.75
PA,Norte,alvo_i_swing_para_PL,quartil: menor swing para o PL,ensino superior,36,2543562,250782,0.0986,0.0747,1.32,0.23,6.75
PA,Norte,alvo_i_swing_para_PL,quartil: menor swing para o PL,mulheres,36,2543562,1319390,0.5187,0.5076,1.02,0.23,6.75
PA,Norte,alvo_iii_d_abst,quartil: maior alta da abstenção,jovens 16–24,36,2078312,304735,0.1466,0.1637,0.9,0.37,-2.08
PA,Norte,alvo_iii_d_abst,quartil: maior alta da abstenção,16–17 (voto facultativo),36,2078312,29477,0.0142,0.0171,0.83,0.37,-2.08
PA,Norte,alvo_iii_d_abst,quartil: maior alta da abstenção,idosos 60+,36,2078312,399017,0.192,0.1746,1.1,0.37,-2.08
PA,Norte,alvo_iii_d_abst,quartil: maior alta da abstenção,70+ (voto facultativo),36,2078312,178699,0.086,0.078,1.1,0.37,-2.08
PA,Norte,alvo_iii_d_abst,quartil: maior alta da abstenção,sem fundamental completo,36,2078312,594974,0.2863,0.3731,0.77,0.37,-2.08
PA,Norte,alvo_iii_d_abst,quartil: maior alta da abstenção,ensino superior,36,2078312,220809,0.1062,0.0747,1.42,0.37,-2.08
PA,Norte,alvo_iii_d_abst,quartil: maior alta da abstenção,mulheres,36,2078312,1073055,0.5163,0.5076,1.02,0.37,-2.08
PA,Norte,alvo_iv_terceiros,quartil: maior voto em terceiros,jovens 16–24,38,3550609,535120,0.1507,0.1637,0.92,6.97,5.58
PA,Norte,alvo_iv_terceiros,quartil: maior voto em terceiros,16–17 (voto facultativo),38,3550609,51552,0.0145,0.0171,0.85,6.97,5.58
PA,Norte,alvo_iv_terceiros,quartil: maior voto em terceiros,idosos 60+,38,3550609,648130,0.1825,0.1746,1.05,6.97,5.58
PA,Norte,alvo_iv_terceiros,quartil: maior voto em terceiros,70+ (voto facultativo),38,3550609,287102,0.0809,0.078,1.04,6.97,5.58
PA,Norte,alvo_iv_terceiros,quartil: maior voto em terceiros,sem fundamental completo,38,3550609,1025354,0.2888,0.3731,0.77,6.97,5.58
PA,Norte,alvo_iv_terceiros,quartil: maior voto em terceiros,ensino superior,38,3550609,339080,0.0955,0.0747,1.28,6.97,5.58
PA,Norte,alvo_iv_terceiros,quartil: maior voto em terceiros,mulheres,38,3550609,1845683,0.5198,0.5076,1.02,6.97,5.58
PB,Nordeste,alvo_ii_flavio_menos_bolso22,quartil: Flávio mais abaixo de Jair 2022,jovens 16–24,56,1466824,189782,0.1294,0.1368,0.95,1.95,3.58
PB,Nordeste,alvo_ii_flavio_menos_bolso22,quartil: Flávio mais abaixo de Jair 2022,16–17 (voto facultativo),56,1466824,19265,0.0131,0.0163,0.81,1.95,3.58
PB,Nordeste,alvo_ii_flavio_menos_bolso22,quartil: Flávio mais abaixo de Jair 2022,idosos 60+,56,1466824,332517,0.2267,0.223,1.02,1.95,3.58
PB,Nordeste,alvo_ii_flavio_menos_bolso22,quartil: Flávio mais abaixo de Jair 2022,70+ (voto facultativo),56,1466824,154230,0.1051,0.1057,0.99,1.95,3.58
PB,Nordeste,alvo_ii_flavio_menos_bolso22,quartil: Flávio mais abaixo de Jair 2022,sem fundamental completo,56,1466824,472785,0.3223,0.4186,0.77,1.95,3.58
PB,Nordeste,alvo_ii_flavio_menos_bolso22,quartil: Flávio mais abaixo de Jair 2022,ensino superior,56,1466824,185096,0.1262,0.085,1.48,1.95,3.58
PB,Nordeste,alvo_ii_flavio_menos_bolso22,quartil: Flávio mais abaixo de Jair 2022,mulheres,56,1466824,792526,0.5403,0.5292,1.02,1.95,3.58
PB,Nordeste,alvo_i_swing_para_PL,quartil: menor swing para o PL,jovens 16–24,56,1460041,188943,0.1294,0.1368,0.95,3.29,6.62
PB,Nordeste,alvo_i_swing_para_PL,quartil: menor swing para o PL,16–17 (voto facultativo),56,1460041,19017,0.013,0.0163,0.8,3.29,6.62
PB,Nordeste,alvo_i_swing_para_PL,quartil: menor swing para o PL,idosos 60+,56,1460041,329010,0.2253,0.223,1.01,3.29,6.62
PB,Nordeste,alvo_i_swing_para_PL,quartil: menor swing para o PL,70+ (voto facultativo),56,1460041,151949,0.1041,0.1057,0.98,3.29,6.62
PB,Nordeste,alvo_i_swing_para_PL,quartil: menor swing para o PL,sem fundamental completo,56,1460041,477939,0.3273,0.4186,0.78,3.29,6.62
PB,Nordeste,alvo_i_swing_para_PL,quartil: menor swing para o PL,ensino superior,56,1460041,181254,0.1241,0.085,1.46,3.29,6.62
PB,Nordeste,alvo_i_swing_para_PL,quartil: menor swing para o PL,mulheres,56,1460041,788386,0.54,0.5292,1.02,3.29,6.62
PB,Nordeste,alvo_iii_d_abst,quartil: maior alta da abstenção,jovens 16–24,56,1200191,156861,0.1307,0.1368,0.96,1.18,0.09
PB,Nordeste,alvo_iii_d_abst,quartil: maior alta da abstenção,16–17 (voto facultativo),56,1200191,15805,0.0132,0.0163,0.81,1.18,0.09
PB,Nordeste,alvo_iii_d_abst,quartil: maior alta da abstenção,idosos 60+,56,1200191,264286,0.2202,0.223,0.99,1.18,0.09
PB,Nordeste,alvo_iii_d_abst,quartil: maior alta da abstenção,70+ (voto facultativo),56,1200191,119289,0.0994,0.1057,0.94,1.18,0.09
PB,Nordeste,alvo_iii_d_abst,quartil: maior alta da abstenção,sem fundamental completo,56,1200191,403808,0.3365,0.4186,0.8,1.18,0.09
PB,Nordeste,alvo_iii_d_abst,quartil: maior alta da abstenção,ensino superior,56,1200191,146779,0.1223,0.085,1.44,1.18,0.09
PB,Nordeste,alvo_iii_d_abst,quartil: maior alta da abstenção,mulheres,56,1200191,645224,0.5376,0.5292,1.02,1.18,0.09
PB,Nordeste,alvo_iv_terceiros,quartil: maior voto em terceiros,jovens 16–24,56,1832350,238899,0.1304,0.1368,0.95,6.74,5.59
PB,Nordeste,alvo_iv_terceiros,quartil: maior voto em terceiros,16–17 (voto facultativo),56,1832350,24341,0.0133,0.0163,0.82,6.74,5.59
PB,Nordeste,alvo_iv_terceiros,quartil: maior voto em terceiros,idosos 60+,56,1832350,408800,0.2231,0.223,1.0,6.74,5.59
PB,Nordeste,alvo_iv_terceiros,quartil: maior voto em terceiros,70+ (voto facultativo),56,1832350,189297,0.1033,0.1057,0.98,6.74,5.59
PB,Nordeste,alvo_iv_terceiros,quartil: maior voto em terceiros,sem fundamental completo,56,1832350,620922,0.3389,0.4186,0.81,6.74,5.59
PB,Nordeste,alvo_iv_terceiros,quartil: maior voto em terceiros,ensino superior,56,1832350,209430,0.1143,0.085,1.34,6.74,5.59
PB,Nordeste,alvo_iv_terceiros,quartil: maior voto em terceiros,mulheres,56,1832350,990082,0.5403,0.5292,1.02,6.74,5.59
PE,Nordeste,alvo_ii_flavio_menos_bolso22,quartil: Flávio mais abaixo de Jair 2022,jovens 16–24,47,3871827,461996,0.1193,0.1315,0.91,-0.28,1.31
PE,Nordeste,alvo_ii_flavio_menos_bolso22,quartil: Flávio mais abaixo de Jair 2022,16–17 (voto facultativo),47,3871827,36828,0.0095,0.0133,0.72,-0.28,1.31
PE,Nordeste,alvo_ii_flavio_menos_bolso22,quartil: Flávio mais abaixo de Jair 2022,idosos 60+,47,3871827,875414,0.2261,0.2186,1.03,-0.28,1.31
PE,Nordeste,alvo_ii_flavio_menos_bolso22,quartil: Flávio mais abaixo de Jair 2022,70+ (voto facultativo),47,3871827,383087,0.0989,0.1001,0.99,-0.28,1.31
PE,Nordeste,alvo_ii_flavio_menos_bolso22,quartil: Flávio mais abaixo de Jair 2022,sem fundamental completo,47,3871827,1165813,0.3011,0.3761,0.8,-0.28,1.31
PE,Nordeste,alvo_ii_flavio_menos_bolso22,quartil: Flávio mais abaixo de Jair 2022,ensino superior,47,3871827,409399,0.1057,0.0835,1.27,-0.28,1.31
PE,Nordeste,alvo_ii_flavio_menos_bolso22,quartil: Flávio mais abaixo de Jair 2022,mulheres,47,3871827,2101000,0.5426,0.5364,1.01,-0.28,1.31
PE,Nordeste,alvo_i_swing_para_PL,quartil: menor swing para o PL,jovens 16–24,47,3708908,442021,0.1192,0.1315,0.91,-0.24,3.35
PE,Nordeste,alvo_i_swing_para_PL,quartil: menor swing para o PL,16–17 (voto facultativo),47,3708908,35588,0.0096,0.0133,0.72,-0.24,3.35
PE,Nordeste,alvo_i_swing_para_PL,quartil: menor swing para o PL,idosos 60+,47,3708908,842210,0.2271,0.2186,1.04,-0.24,3.35
PE,Nordeste,alvo_i_swing_para_PL,quartil: menor swing para o PL,70+ (voto facultativo),47,3708908,369298,0.0996,0.1001,0.99,-0.24,3.35
PE,Nordeste,alvo_i_swing_para_PL,quartil: menor swing para o PL,sem fundamental completo,47,3708908,1108113,0.2988,0.3761,0.79,-0.24,3.35
PE,Nordeste,alvo_i_swing_para_PL,quartil: menor swing para o PL,ensino superior,47,3708908,399473,0.1077,0.0835,1.29,-0.24,3.35
PE,Nordeste,alvo_i_swing_para_PL,quartil: menor swing para o PL,mulheres,47,3708908,2013011,0.5428,0.5364,1.01,-0.24,3.35
PE,Nordeste,alvo_iii_d_abst,quartil: maior alta da abstenção,jovens 16–24,48,4296375,522518,0.1216,0.1315,0.93,1.53,0.03
PE,Nordeste,alvo_iii_d_abst,quartil: maior alta da abstenção,16–17 (voto facultativo),48,4296375,42584,0.0099,0.0133,0.75,1.53,0.03
PE,Nordeste,alvo_iii_d_abst,quartil: maior alta da abstenção,idosos 60+,48,4296375,953503,0.2219,0.2186,1.02,1.53,0.03
PE,Nordeste,alvo_iii_d_abst,quartil: maior alta da abstenção,70+ (voto facultativo),48,4296375,421360,0.0981,0.1001,0.98,1.53,0.03
PE,Nordeste,alvo_iii_d_abst,quartil: maior alta da abstenção,sem fundamental completo,48,4296375,1292449,0.3008,0.3761,0.8,1.53,0.03
PE,Nordeste,alvo_iii_d_abst,quartil: maior alta da abstenção,ensino superior,48,4296375,460611,0.1072,0.0835,1.28,1.53,0.03
PE,Nordeste,alvo_iii_d_abst,quartil: maior alta da abstenção,mulheres,48,4296375,2338418,0.5443,0.5364,1.01,1.53,0.03
PE,Nordeste,alvo_iv_terceiros,quartil: maior voto em terceiros,jovens 16–24,47,4648800,570027,0.1226,0.1315,0.93,6.17,5.5
PE,Nordeste,alvo_iv_terceiros,quartil: maior voto em terceiros,16–17 (voto facultativo),47,4648800,47993,0.0103,0.0133,0.78,6.17,5.5
PE,Nordeste,alvo_iv_terceiros,quartil: maior voto em terceiros,idosos 60+,47,4648800,1024978,0.2205,0.2186,1.01,6.17,5.5
PE,Nordeste,alvo_iv_terceiros,quartil: maior voto em terceiros,70+ (voto facultativo),47,4648800,454354,0.0977,0.1001,0.98,6.17,5.5
PE,Nordeste,alvo_iv_terceiros,quartil: maior voto em terceiros,sem fundamental completo,47,4648800,1464949,0.3151,0.3761,0.84,6.17,5.5
PE,Nordeste,alvo_iv_terceiros,quartil: maior voto em terceiros,ensino superior,47,4648800,477045,0.1026,0.0835,1.23,6.17,5.5
PE,Nordeste,alvo_iv_terceiros,quartil: maior voto em terceiros,mulheres,47,4648800,2526382,0.5434,0.5364,1.01,6.17,5.5
PI,Nordeste,alvo_ii_flavio_menos_bolso22,quartil: Flávio mais abaixo de Jair 2022,jovens 16–24,57,1246403,166535,0.1336,0.1446,0.92,2.8,4.31
PI,Nordeste,alvo_ii_flavio_menos_bolso22,quartil: Flávio mais abaixo de Jair 2022,16–17 (voto facultativo),57,1246403,20240,0.0162,0.0202,0.8,2.8,4.31
PI,Nordeste,alvo_ii_flavio_menos_bolso22,quartil: Flávio mais abaixo de Jair 2022,idosos 60+,57,1246403,276296,0.2217,0.2203,1.01,2.8,4.31
PI,Nordeste,alvo_ii_flavio_menos_bolso22,quartil: Flávio mais abaixo de Jair 2022,70+ (voto facultativo),57,1246403,129653,0.104,0.1056,0.98,2.8,4.31
PI,Nordeste,alvo_ii_flavio_menos_bolso22,quartil: Flávio mais abaixo de Jair 2022,sem fundamental completo,57,1246403,419892,0.3369,0.4256,0.79,2.8,4.31
PI,Nordeste,alvo_ii_flavio_menos_bolso22,quartil: Flávio mais abaixo de Jair 2022,ensino superior,57,1246403,122034,0.0979,0.0748,1.31,2.8,4.31
PI,Nordeste,alvo_ii_flavio_menos_bolso22,quartil: Flávio mais abaixo de Jair 2022,mulheres,57,1246403,663170,0.5321,0.5173,1.03,2.8,4.31
PI,Nordeste,alvo_i_swing_para_PL,quartil: menor swing para o PL,jovens 16–24,57,1276703,171483,0.1343,0.1446,0.93,4.33,7.75
PI,Nordeste,alvo_i_swing_para_PL,quartil: menor swing para o PL,16–17 (voto facultativo),57,1276703,20867,0.0163,0.0202,0.81,4.33,7.75
PI,Nordeste,alvo_i_swing_para_PL,quartil: menor swing para o PL,idosos 60+,57,1276703,281924,0.2208,0.2203,1.0,4.33,7.75
PI,Nordeste,alvo_i_swing_para_PL,quartil: menor swing para o PL,70+ (voto facultativo),57,1276703,132356,0.1037,0.1056,0.98,4.33,7.75
PI,Nordeste,alvo_i_swing_para_PL,quartil: menor swing para o PL,sem fundamental completo,57,1276703,433007,0.3392,0.4256,0.8,4.33,7.75
PI,Nordeste,alvo_i_swing_para_PL,quartil: menor swing para o PL,ensino superior,57,1276703,123469,0.0967,0.0748,1.29,4.33,7.75
PI,Nordeste,alvo_i_swing_para_PL,quartil: menor swing para o PL,mulheres,57,1276703,678269,0.5313,0.5173,1.03,4.33,7.75
PI,Nordeste,alvo_iii_d_abst,quartil: maior alta da abstenção,jovens 16–24,56,339298,52616,0.1551,0.1446,1.07,1.63,-0.54
PI,Nordeste,alvo_iii_d_abst,quartil: maior alta da abstenção,16–17 (voto facultativo),56,339298,8026,0.0237,0.0202,1.17,1.63,-0.54
PI,Nordeste,alvo_iii_d_abst,quartil: maior alta da abstenção,idosos 60+,56,339298,74948,0.2209,0.2203,1.0,1.63,-0.54
PI,Nordeste,alvo_iii_d_abst,quartil: maior alta da abstenção,70+ (voto facultativo),56,339298,36359,0.1072,0.1056,1.01,1.63,-0.54
PI,Nordeste,alvo_iii_d_abst,quartil: maior alta da abstenção,sem fundamental completo,56,339298,172619,0.5088,0.4256,1.2,1.63,-0.54
PI,Nordeste,alvo_iii_d_abst,quartil: maior alta da abstenção,ensino superior,56,339298,18874,0.0556,0.0748,0.74,1.63,-0.54
PI,Nordeste,alvo_iii_d_abst,quartil: maior alta da abstenção,mulheres,56,339298,168140,0.4956,0.5173,0.96,1.63,-0.54
PI,Nordeste,alvo_iv_terceiros,quartil: maior voto em terceiros,jovens 16–24,57,1352082,183064,0.1354,0.1446,0.94,6.17,4.9
PI,Nordeste,alvo_iv_terceiros,quartil: maior voto em terceiros,16–17 (voto facultativo),57,1352082,22598,0.0167,0.0202,0.83,6.17,4.9
PI,Nordeste,alvo_iv_terceiros,quartil: maior voto em terceiros,idosos 60+,57,1352082,294095,0.2175,0.2203,0.99,6.17,4.9
PI,Nordeste,alvo_iv_terceiros,quartil: maior voto em terceiros,70+ (voto facultativo),57,1352082,137695,0.1018,0.1056,0.96,6.17,4.9
PI,Nordeste,alvo_iv_terceiros,quartil: maior voto em terceiros,sem fundamental completo,57,1352082,467762,0.346,0.4256,0.81,6.17,4.9
PI,Nordeste,alvo_iv_terceiros,quartil: maior voto em terceiros,ensino superior,57,1352082,129561,0.0958,0.0748,1.28,6.17,4.9
PI,Nordeste,alvo_iv_terceiros,quartil: maior voto em terceiros,mulheres,57,1352082,717185,0.5304,0.5173,1.03,6.17,4.9
PR,Sul,alvo_ii_flavio_menos_bolso22,quartil: Flávio mais abaixo de Jair 2022,jovens 16–24,100,5180763,557096,0.1075,0.1117,0.96,2.83,4.64
PR,Sul,alvo_ii_flavio_menos_bolso22,quartil: Flávio mais abaixo de Jair 2022,16–17 (voto facultativo),100,5180763,40560,0.0078,0.009,0.87,2.83,4.64
PR,Sul,alvo_ii_flavio_menos_bolso22,quartil: Flávio mais abaixo de Jair 2022,idosos 60+,100,5180763,1295677,0.2501,0.2491,1.0,2.83,4.64
PR,Sul,alvo_ii_flavio_menos_bolso22,quartil: Flávio mais abaixo de Jair 2022,70+ (voto facultativo),100,5180763,576325,0.1112,0.1103,1.01,2.83,4.64
PR,Sul,alvo_ii_flavio_menos_bolso22,quartil: Flávio mais abaixo de Jair 2022,sem fundamental completo,100,5180763,1116756,0.2156,0.2666,0.81,2.83,4.64
PR,Sul,alvo_ii_flavio_menos_bolso22,quartil: Flávio mais abaixo de Jair 2022,ensino superior,100,5180763,899169,0.1736,0.1433,1.21,2.83,4.64
PR,Sul,alvo_ii_flavio_menos_bolso22,quartil: Flávio mais abaixo de Jair 2022,mulheres,100,5180763,2774220,0.5355,0.5281,1.01,2.83,4.64
PR,Sul,alvo_i_swing_para_PL,quartil: menor swing para o PL,jovens 16–24,100,5178028,553065,0.1068,0.1117,0.96,5.5,9.43
PR,Sul,alvo_i_swing_para_PL,quartil: menor swing para o PL,16–17 (voto facultativo),100,5178028,40468,0.0078,0.009,0.86,5.5,9.43
PR,Sul,alvo_i_swing_para_PL,quartil: menor swing para o PL,idosos 60+,100,5178028,1306365,0.2523,0.2491,1.01,5.5,9.43
PR,Sul,alvo_i_swing_para_PL,quartil: menor swing para o PL,70+ (voto facultativo),100,5178028,583265,0.1126,0.1103,1.02,5.5,9.43
PR,Sul,alvo_i_swing_para_PL,quartil: menor swing para o PL,sem fundamental completo,100,5178028,1113629,0.2151,0.2666,0.81,5.5,9.43
PR,Sul,alvo_i_swing_para_PL,quartil: menor swing para o PL,ensino superior,100,5178028,910145,0.1758,0.1433,1.23,5.5,9.43
PR,Sul,alvo_i_swing_para_PL,quartil: menor swing para o PL,mulheres,100,5178028,2774398,0.5358,0.5281,1.01,5.5,9.43
PR,Sul,alvo_iii_d_abst,quartil: maior alta da abstenção,jovens 16–24,100,1140591,133900,0.1174,0.1117,1.05,3.09,1.12
PR,Sul,alvo_iii_d_abst,quartil: maior alta da abstenção,16–17 (voto facultativo),100,1140591,11638,0.0102,0.009,1.13,3.09,1.12
PR,Sul,alvo_iii_d_abst,quartil: maior alta da abstenção,idosos 60+,100,1140591,284726,0.2496,0.2491,1.0,3.09,1.12
PR,Sul,alvo_iii_d_abst,quartil: maior alta da abstenção,70+ (voto facultativo),100,1140591,125794,0.1103,0.1103,1.0,3.09,1.12
PR,Sul,alvo_iii_d_abst,quartil: maior alta da abstenção,sem fundamental completo,100,1140591,375834,0.3295,0.2666,1.24,3.09,1.12
PR,Sul,alvo_iii_d_abst,quartil: maior alta da abstenção,ensino superior,100,1140591,112943,0.099,0.1433,0.69,3.09,1.12
PR,Sul,alvo_iii_d_abst,quartil: maior alta da abstenção,mulheres,100,1140591,592549,0.5195,0.5281,0.98,3.09,1.12
PR,Sul,alvo_iv_terceiros,quartil: maior voto em terceiros,jovens 16–24,100,6064547,671152,0.1107,0.1117,0.99,10.09,8.89
PR,Sul,alvo_iv_terceiros,quartil: maior voto em terceiros,16–17 (voto facultativo),100,6064547,47058,0.0078,0.009,0.86,10.09,8.89
PR,Sul,alvo_iv_terceiros,quartil: maior voto em terceiros,idosos 60+,100,6064547,1464773,0.2415,0.2491,0.97,10.09,8.89
PR,Sul,alvo_iv_terceiros,quartil: maior voto em terceiros,70+ (voto facultativo),100,6064547,641514,0.1058,0.1103,0.96,10.09,8.89
PR,Sul,alvo_iv_terceiros,quartil: maior voto em terceiros,sem fundamental completo,100,6064547,1372161,0.2263,0.2666,0.85,10.09,8.89
PR,Sul,alvo_iv_terceiros,quartil: maior voto em terceiros,ensino superior,100,6064547,976126,0.161,0.1433,1.12,10.09,8.89
PR,Sul,alvo_iv_terceiros,quartil: maior voto em terceiros,mulheres,100,6064547,3229617,0.5325,0.5281,1.01,10.09,8.89
RJ,Sudeste,alvo_ii_flavio_menos_bolso22,quartil: Flávio mais abaixo de Jair 2022,jovens 16–24,23,7766682,770407,0.0992,0.1018,0.97,0.99,1.77
RJ,Sudeste,alvo_ii_flavio_menos_bolso22,quartil: Flávio mais abaixo de Jair 2022,16–17 (voto facultativo),23,7766682,38203,0.0049,0.0053,0.93,0.99,1.77
RJ,Sudeste,alvo_ii_flavio_menos_bolso22,quartil: Flávio mais abaixo de Jair 2022,idosos 60+,23,7766682,2303390,0.2966,0.2844,1.04,0.99,1.77
RJ,Sudeste,alvo_ii_flavio_menos_bolso22,quartil: Flávio mais abaixo de Jair 2022,70+ (voto facultativo),23,7766682,1205745,0.1552,0.1431,1.08,0.99,1.77
RJ,Sudeste,alvo_ii_flavio_menos_bolso22,quartil: Flávio mais abaixo de Jair 2022,sem fundamental completo,23,7766682,1976047,0.2544,0.2901,0.88,0.99,1.77
RJ,Sudeste,alvo_ii_flavio_menos_bolso22,quartil: Flávio mais abaixo de Jair 2022,ensino superior,23,7766682,928082,0.1195,0.0947,1.26,0.99,1.77
RJ,Sudeste,alvo_ii_flavio_menos_bolso22,quartil: Flávio mais abaixo de Jair 2022,mulheres,23,7766682,4230309,0.5447,0.5403,1.01,0.99,1.77
RJ,Sudeste,alvo_i_swing_para_PL,quartil: menor swing para o PL,jovens 16–24,23,8612078,848178,0.0985,0.1018,0.97,1.3,2.91
RJ,Sudeste,alvo_i_swing_para_PL,quartil: menor swing para o PL,16–17 (voto facultativo),23,8612078,40627,0.0047,0.0053,0.9,1.3,2.91
RJ,Sudeste,alvo_i_swing_para_PL,quartil: menor swing para o PL,idosos 60+,23,8612078,2554054,0.2966,0.2844,1.04,1.3,2.91
RJ,Sudeste,alvo_i_swing_para_PL,quartil: menor swing para o PL,70+ (voto facultativo),23,8612078,1336795,0.1552,0.1431,1.08,1.3,2.91
RJ,Sudeste,alvo_i_swing_para_PL,quartil: menor swing para o PL,sem fundamental completo,23,8612078,2280029,0.2647,0.2901,0.91,1.3,2.91
RJ,Sudeste,alvo_i_swing_para_PL,quartil: menor swing para o PL,ensino superior,23,8612078,947991,0.1101,0.0947,1.16,1.3,2.91
RJ,Sudeste,alvo_i_swing_para_PL,quartil: menor swing para o PL,mulheres,23,8612078,4686613,0.5442,0.5403,1.01,1.3,2.91
RJ,Sudeste,alvo_iii_d_abst,quartil: maior alta da abstenção,jovens 16–24,23,7743862,761626,0.0984,0.1018,0.97,1.76,0.59
RJ,Sudeste,alvo_iii_d_abst,quartil: maior alta da abstenção,16–17 (voto facultativo),23,7743862,35251,0.0046,0.0053,0.86,1.76,0.59
RJ,Sudeste,alvo_iii_d_abst,quartil: maior alta da abstenção,idosos 60+,23,7743862,2304685,0.2976,0.2844,1.05,1.76,0.59
RJ,Sudeste,alvo_iii_d_abst,quartil: maior alta da abstenção,70+ (voto facultativo),23,7743862,1211262,0.1564,0.1431,1.09,1.76,0.59
RJ,Sudeste,alvo_iii_d_abst,quartil: maior alta da abstenção,sem fundamental completo,23,7743862,2018692,0.2607,0.2901,0.9,1.76,0.59
RJ,Sudeste,alvo_iii_d_abst,quartil: maior alta da abstenção,ensino superior,23,7743862,798723,0.1031,0.0947,1.09,1.76,0.59
RJ,Sudeste,alvo_iii_d_abst,quartil: maior alta da abstenção,mulheres,23,7743862,4215108,0.5443,0.5403,1.01,1.76,0.59
RJ,Sudeste,alvo_iv_terceiros,quartil: maior voto em terceiros,jovens 16–24,23,6870551,659152,0.0959,0.1018,0.94,8.28,7.59
RJ,Sudeste,alvo_iv_terceiros,quartil: maior voto em terceiros,16–17 (voto facultativo),23,6870551,31802,0.0046,0.0053,0.88,8.28,7.59
RJ,Sudeste,alvo_iv_terceiros,quartil: maior voto em terceiros,idosos 60+,23,6870551,2119737,0.3085,0.2844,1.08,8.28,7.59
RJ,Sudeste,alvo_iv_terceiros,quartil: maior voto em terceiros,70+ (voto facultativo),23,6870551,1131194,0.1646,0.1431,1.15,8.28,7.59
RJ,Sudeste,alvo_iv_terceiros,quartil: maior voto em terceiros,sem fundamental completo,23,6870551,1678477,0.2443,0.2901,0.84,8.28,7.59
RJ,Sudeste,alvo_iv_terceiros,quartil: maior voto em terceiros,ensino superior,23,6870551,882529,0.1285,0.0947,1.36,8.28,7.59
RJ,Sudeste,alvo_iv_terceiros,quartil: maior voto em terceiros,mulheres,23,6870551,3752325,0.5461,0.5403,1.01,8.28,7.59
RN,Nordeste,alvo_ii_flavio_menos_bolso22,quartil: Flávio mais abaixo de Jair 2022,jovens 16–24,42,1225110,146472,0.1196,0.129,0.93,2.43,3.84
RN,Nordeste,alvo_ii_flavio_menos_bolso22,quartil: Flávio mais abaixo de Jair 2022,16–17 (voto facultativo),42,1225110,13086,0.0107,0.014,0.76,2.43,3.84
RN,Nordeste,alvo_ii_flavio_menos_bolso22,quartil: Flávio mais abaixo de Jair 2022,idosos 60+,42,1225110,285275,0.2329,0.2247,1.04,2.43,3.84
RN,Nordeste,alvo_ii_flavio_menos_bolso22,quartil: Flávio mais abaixo de Jair 2022,70+ (voto facultativo),42,1225110,131252,0.1071,0.1038,1.03,2.43,3.84
RN,Nordeste,alvo_ii_flavio_menos_bolso22,quartil: Flávio mais abaixo de Jair 2022,sem fundamental completo,42,1225110,390973,0.3191,0.3871,0.82,2.43,3.84
RN,Nordeste,alvo_ii_flavio_menos_bolso22,quartil: Flávio mais abaixo de Jair 2022,ensino superior,42,1225110,145829,0.119,0.0891,1.34,2.43,3.84
RN,Nordeste,alvo_ii_flavio_menos_bolso22,quartil: Flávio mais abaixo de Jair 2022,mulheres,42,1225110,657802,0.5369,0.5277,1.02,2.43,3.84
RN,Nordeste,alvo_i_swing_para_PL,quartil: menor swing para o PL,jovens 16–24,42,1153061,137415,0.1192,0.129,0.92,4.05,7.18
RN,Nordeste,alvo_i_swing_para_PL,quartil: menor swing para o PL,16–17 (voto facultativo),42,1153061,12657,0.011,0.014,0.78,4.05,7.18
RN,Nordeste,alvo_i_swing_para_PL,quartil: menor swing para o PL,idosos 60+,42,1153061,272953,0.2367,0.2247,1.05,4.05,7.18
RN,Nordeste,alvo_i_swing_para_PL,quartil: menor swing para o PL,70+ (voto facultativo),42,1153061,126539,0.1097,0.1038,1.06,4.05,7.18
RN,Nordeste,alvo_i_swing_para_PL,quartil: menor swing para o PL,sem fundamental completo,42,1153061,367698,0.3189,0.3871,0.82,4.05,7.18
RN,Nordeste,alvo_i_swing_para_PL,quartil: menor swing para o PL,ensino superior,42,1153061,141923,0.1231,0.0891,1.38,4.05,7.18
RN,Nordeste,alvo_i_swing_para_PL,quartil: menor swing para o PL,mulheres,42,1153061,619340,0.5371,0.5277,1.02,4.05,7.18
RN,Nordeste,alvo_iii_d_abst,quartil: maior alta da abstenção,jovens 16–24,42,336557,48320,0.1436,0.129,1.11,2.44,0.27
RN,Nordeste,alvo_iii_d_abst,quartil: maior alta da abstenção,16–17 (voto facultativo),42,336557,6144,0.0183,0.014,1.3,2.44,0.27
RN,Nordeste,alvo_iii_d_abst,quartil: maior alta da abstenção,idosos 60+,42,336557,70092,0.2083,0.2247,0.93,2.44,0.27
RN,Nordeste,alvo_iii_d_abst,quartil: maior alta da abstenção,70+ (voto facultativo),42,336557,32029,0.0952,0.1038,0.92,2.44,0.27
RN,Nordeste,alvo_iii_d_abst,quartil: maior alta da abstenção,sem fundamental completo,42,336557,149098,0.443,0.3871,1.14,2.44,0.27
RN,Nordeste,alvo_iii_d_abst,quartil: maior alta da abstenção,ensino superior,42,336557,19134,0.0569,0.0891,0.64,2.44,0.27
RN,Nordeste,alvo_iii_d_abst,quartil: maior alta da abstenção,mulheres,42,336557,173597,0.5158,0.5277,0.98,2.44,0.27
RN,Nordeste,alvo_iv_terceiros,quartil: maior voto em terceiros,jovens 16–24,43,1544811,187243,0.1212,0.129,0.94,6.41,5.48
RN,Nordeste,alvo_iv_terceiros,quartil: maior voto em terceiros,16–17 (voto facultativo),43,1544811,17290,0.0112,0.014,0.8,6.41,5.48
RN,Nordeste,alvo_iv_terceiros,quartil: maior voto em terceiros,idosos 60+,43,1544811,354630,0.2296,0.2247,1.02,6.41,5.48
RN,Nordeste,alvo_iv_terceiros,quartil: maior voto em terceiros,70+ (voto facultativo),43,1544811,160409,0.1038,0.1038,1.0,6.41,5.48
RN,Nordeste,alvo_iv_terceiros,quartil: maior voto em terceiros,sem fundamental completo,43,1544811,487140,0.3153,0.3871,0.81,6.41,5.48
RN,Nordeste,alvo_iv_terceiros,quartil: maior voto em terceiros,ensino superior,43,1544811,178513,0.1156,0.0891,1.3,6.41,5.48
RN,Nordeste,alvo_iv_terceiros,quartil: maior voto em terceiros,mulheres,43,1544811,830046,0.5373,0.5277,1.02,6.41,5.48
RO,Norte,alvo_ii_flavio_menos_bolso22,quartil: Flávio mais abaixo de Jair 2022,jovens 16–24,13,874523,125092,0.143,0.141,1.01,2.24,3.06
RO,Norte,alvo_ii_flavio_menos_bolso22,quartil: Flávio mais abaixo de Jair 2022,16–17 (voto facultativo),13,874523,16894,0.0193,0.019,1.02,2.24,3.06
RO,Norte,alvo_ii_flavio_menos_bolso22,quartil: Flávio mais abaixo de Jair 2022,idosos 60+,13,874523,165938,0.1897,0.1965,0.97,2.24,3.06
RO,Norte,alvo_ii_flavio_menos_bolso22,quartil: Flávio mais abaixo de Jair 2022,70+ (voto facultativo),13,874523,67084,0.0767,0.0808,0.95,2.24,3.06
RO,Norte,alvo_ii_flavio_menos_bolso22,quartil: Flávio mais abaixo de Jair 2022,sem fundamental completo,13,874523,261882,0.2995,0.3511,0.85,2.24,3.06
RO,Norte,alvo_ii_flavio_menos_bolso22,quartil: Flávio mais abaixo de Jair 2022,ensino superior,13,874523,99991,0.1143,0.0989,1.16,2.24,3.06
RO,Norte,alvo_ii_flavio_menos_bolso22,quartil: Flávio mais abaixo de Jair 2022,mulheres,13,874523,458038,0.5238,0.5158,1.02,2.24,3.06
RO,Norte,alvo_i_swing_para_PL,quartil: menor swing para o PL,jovens 16–24,13,831128,118820,0.143,0.141,1.01,4.42,6.12
RO,Norte,alvo_i_swing_para_PL,quartil: menor swing para o PL,16–17 (voto facultativo),13,831128,16102,0.0194,0.019,1.02,4.42,6.12
RO,Norte,alvo_i_swing_para_PL,quartil: menor swing para o PL,idosos 60+,13,831128,157467,0.1895,0.1965,0.96,4.42,6.12
RO,Norte,alvo_i_swing_para_PL,quartil: menor swing para o PL,70+ (voto facultativo),13,831128,63299,0.0762,0.0808,0.94,4.42,6.12
RO,Norte,alvo_i_swing_para_PL,quartil: menor swing para o PL,sem fundamental completo,13,831128,246026,0.296,0.3511,0.84,4.42,6.12
RO,Norte,alvo_i_swing_para_PL,quartil: menor swing para o PL,ensino superior,13,831128,95544,0.115,0.0989,1.16,4.42,6.12
RO,Norte,alvo_i_swing_para_PL,quartil: menor swing para o PL,mulheres,13,831128,435579,0.5241,0.5158,1.02,4.42,6.12
RO,Norte,alvo_iii_d_abst,quartil: maior alta da abstenção,jovens 16–24,13,761145,109052,0.1433,0.141,1.02,-1.25,-2.86
RO,Norte,alvo_iii_d_abst,quartil: maior alta da abstenção,16–17 (voto facultativo),13,761145,14911,0.0196,0.019,1.03,-1.25,-2.86
RO,Norte,alvo_iii_d_abst,quartil: maior alta da abstenção,idosos 60+,13,761145,142975,0.1878,0.1965,0.96,-1.25,-2.86
RO,Norte,alvo_iii_d_abst,quartil: maior alta da abstenção,70+ (voto facultativo),13,761145,57068,0.075,0.0808,0.93,-1.25,-2.86
RO,Norte,alvo_iii_d_abst,quartil: maior alta da abstenção,sem fundamental completo,13,761145,223951,0.2942,0.3511,0.84,-1.25,-2.86
RO,Norte,alvo_iii_d_abst,quartil: maior alta da abstenção,ensino superior,13,761145,88187,0.1159,0.0989,1.17,-1.25,-2.86
RO,Norte,alvo_iii_d_abst,quartil: maior alta da abstenção,mulheres,13,761145,398420,0.5234,0.5158,1.01,-1.25,-2.86
RO,Norte,alvo_iv_terceiros,quartil: maior voto em terceiros,jovens 16–24,13,713908,102487,0.1436,0.141,1.02,7.75,6.64
RO,Norte,alvo_iv_terceiros,quartil: maior voto em terceiros,16–17 (voto facultativo),13,713908,14402,0.0202,0.019,1.06,7.75,6.64
RO,Norte,alvo_iv_terceiros,quartil: maior voto em terceiros,idosos 60+,13,713908,134269,0.1881,0.1965,0.96,7.75,6.64
RO,Norte,alvo_iv_terceiros,quartil: maior voto em terceiros,70+ (voto facultativo),13,713908,53378,0.0748,0.0808,0.93,7.75,6.64
RO,Norte,alvo_iv_terceiros,quartil: maior voto em terceiros,sem fundamental completo,13,713908,208966,0.2927,0.3511,0.83,7.75,6.64
RO,Norte,alvo_iv_terceiros,quartil: maior voto em terceiros,ensino superior,13,713908,82430,0.1155,0.0989,1.17,7.75,6.64
RO,Norte,alvo_iv_terceiros,quartil: maior voto em terceiros,mulheres,13,713908,373812,0.5236,0.5158,1.02,7.75,6.64
RR,Norte,alvo_ii_flavio_menos_bolso22,quartil: Flávio mais abaixo de Jair 2022,jovens 16–24,4,36207,9147,0.2526,0.1846,1.37,-1.94,1.91
RR,Norte,alvo_ii_flavio_menos_bolso22,quartil: Flávio mais abaixo de Jair 2022,16–17 (voto facultativo),4,36207,1649,0.0455,0.0288,1.58,-1.94,1.91
RR,Norte,alvo_ii_flavio_menos_bolso22,quartil: Flávio mais abaixo de Jair 2022,idosos 60+,4,36207,4820,0.1331,0.1555,0.86,-1.94,1.91
RR,Norte,alvo_ii_flavio_menos_bolso22,quartil: Flávio mais abaixo de Jair 2022,70+ (voto facultativo),4,36207,2178,0.0601,0.0652,0.92,-1.94,1.91
RR,Norte,alvo_ii_flavio_menos_bolso22,quartil: Flávio mais abaixo de Jair 2022,sem fundamental completo,4,36207,11948,0.33,0.2462,1.34,-1.94,1.91
RR,Norte,alvo_ii_flavio_menos_bolso22,quartil: Flávio mais abaixo de Jair 2022,ensino superior,4,36207,1879,0.0519,0.1072,0.48,-1.94,1.91
RR,Norte,alvo_ii_flavio_menos_bolso22,quartil: Flávio mais abaixo de Jair 2022,mulheres,4,36207,17685,0.4884,0.5096,0.96,-1.94,1.91
RR,Norte,alvo_i_swing_para_PL,quartil: menor swing para o PL,jovens 16–24,4,36207,9147,0.2526,0.1846,1.37,-4.47,2.63
RR,Norte,alvo_i_swing_para_PL,quartil: menor swing para o PL,16–17 (voto facultativo),4,36207,1649,0.0455,0.0288,1.58,-4.47,2.63
RR,Norte,alvo_i_swing_para_PL,quartil: menor swing para o PL,idosos 60+,4,36207,4820,0.1331,0.1555,0.86,-4.47,2.63
RR,Norte,alvo_i_swing_para_PL,quartil: menor swing para o PL,70+ (voto facultativo),4,36207,2178,0.0601,0.0652,0.92,-4.47,2.63
RR,Norte,alvo_i_swing_para_PL,quartil: menor swing para o PL,sem fundamental completo,4,36207,11948,0.33,0.2462,1.34,-4.47,2.63
RR,Norte,alvo_i_swing_para_PL,quartil: menor swing para o PL,ensino superior,4,36207,1879,0.0519,0.1072,0.48,-4.47,2.63
RR,Norte,alvo_i_swing_para_PL,quartil: menor swing para o PL,mulheres,4,36207,17685,0.4884,0.5096,0.96,-4.47,2.63
RR,Norte,alvo_iii_d_abst,quartil: maior alta da abstenção,jovens 16–24,4,43263,8689,0.2008,0.1846,1.09,2.65,0.5
RR,Norte,alvo_iii_d_abst,quartil: maior alta da abstenção,16–17 (voto facultativo),4,43263,1443,0.0334,0.0288,1.16,2.65,0.5
RR,Norte,alvo_iii_d_abst,quartil: maior alta da abstenção,idosos 60+,4,43263,7302,0.1688,0.1555,1.09,2.65,0.5
RR,Norte,alvo_iii_d_abst,quartil: maior alta da abstenção,70+ (voto facultativo),4,43263,3165,0.0732,0.0652,1.12,2.65,0.5
RR,Norte,alvo_iii_d_abst,quartil: maior alta da abstenção,sem fundamental completo,4,43263,15309,0.3539,0.2462,1.44,2.65,0.5
RR,Norte,alvo_iii_d_abst,quartil: maior alta da abstenção,ensino superior,4,43263,2842,0.0657,0.1072,0.61,2.65,0.5
RR,Norte,alvo_iii_d_abst,quartil: maior alta da abstenção,mulheres,4,43263,20862,0.4822,0.5096,0.95,2.65,0.5
RR,Norte,alvo_iv_terceiros,quartil: maior voto em terceiros,jovens 16–24,4,278591,47976,0.1722,0.1846,0.93,7.07,6.1
RR,Norte,alvo_iv_terceiros,quartil: maior voto em terceiros,16–17 (voto facultativo),4,278591,6960,0.025,0.0288,0.87,7.07,6.1
RR,Norte,alvo_iv_terceiros,quartil: maior voto em terceiros,idosos 60+,4,278591,42939,0.1541,0.1555,0.99,7.07,6.1
RR,Norte,alvo_iv_terceiros,quartil: maior voto em terceiros,70+ (voto facultativo),4,278591,17658,0.0634,0.0652,0.97,7.07,6.1
RR,Norte,alvo_iv_terceiros,quartil: maior voto em terceiros,sem fundamental completo,4,278591,55647,0.1997,0.2462,0.81,7.07,6.1
RR,Norte,alvo_iv_terceiros,quartil: maior voto em terceiros,ensino superior,4,278591,35370,0.127,0.1072,1.18,7.07,6.1
RR,Norte,alvo_iv_terceiros,quartil: maior voto em terceiros,mulheres,4,278591,145289,0.5215,0.5096,1.02,7.07,6.1
RS,Sul,alvo_ii_flavio_menos_bolso22,quartil: Flávio mais abaixo de Jair 2022,jovens 16–24,125,5470210,513281,0.0938,0.0947,0.99,4.56,6.48
RS,Sul,alvo_ii_flavio_menos_bolso22,quartil: Flávio mais abaixo de Jair 2022,16–17 (voto facultativo),125,5470210,30648,0.0056,0.0064,0.87,4.56,6.48
RS,Sul,alvo_ii_flavio_menos_bolso22,quartil: Flávio mais abaixo de Jair 2022,idosos 60+,125,5470210,1589080,0.2905,0.2983,0.97,4.56,6.48
RS,Sul,alvo_ii_flavio_menos_bolso22,quartil: Flávio mais abaixo de Jair 2022,70+ (voto facultativo),125,5470210,769034,0.1406,0.1452,0.97,4.56,6.48
RS,Sul,alvo_ii_flavio_menos_bolso22,quartil: Flávio mais abaixo de Jair 2022,sem fundamental completo,125,5470210,1469485,0.2686,0.3097,0.87,4.56,6.48
RS,Sul,alvo_ii_flavio_menos_bolso22,quartil: Flávio mais abaixo de Jair 2022,ensino superior,125,5470210,652070,0.1192,0.1116,1.07,4.56,6.48
RS,Sul,alvo_ii_flavio_menos_bolso22,quartil: Flávio mais abaixo de Jair 2022,mulheres,125,5470210,2931366,0.5359,0.5289,1.01,4.56,6.48
RS,Sul,alvo_i_swing_para_PL,quartil: menor swing para o PL,jovens 16–24,125,5484293,514819,0.0939,0.0947,0.99,8.99,12.77
RS,Sul,alvo_i_swing_para_PL,quartil: menor swing para o PL,16–17 (voto facultativo),125,5484293,30703,0.0056,0.0064,0.87,8.99,12.77
RS,Sul,alvo_i_swing_para_PL,quartil: menor swing para o PL,idosos 60+,125,5484293,1594282,0.2907,0.2983,0.97,8.99,12.77
RS,Sul,alvo_i_swing_para_PL,quartil: menor swing para o PL,70+ (voto facultativo),125,5484293,771901,0.1407,0.1452,0.97,8.99,12.77
RS,Sul,alvo_i_swing_para_PL,quartil: menor swing para o PL,sem fundamental completo,125,5484293,1474962,0.2689,0.3097,0.87,8.99,12.77
RS,Sul,alvo_i_swing_para_PL,quartil: menor swing para o PL,ensino superior,125,5484293,654275,0.1193,0.1116,1.07,8.99,12.77
RS,Sul,alvo_i_swing_para_PL,quartil: menor swing para o PL,mulheres,125,5484293,2938951,0.5359,0.5289,1.01,8.99,12.77
RS,Sul,alvo_iii_d_abst,quartil: maior alta da abstenção,jovens 16–24,126,1736624,174915,0.1007,0.0947,1.06,3.32,1.62
RS,Sul,alvo_iii_d_abst,quartil: maior alta da abstenção,16–17 (voto facultativo),126,1736624,10778,0.0062,0.0064,0.97,3.32,1.62
RS,Sul,alvo_iii_d_abst,quartil: maior alta da abstenção,idosos 60+,126,1736624,502885,0.2896,0.2983,0.97,3.32,1.62
RS,Sul,alvo_iii_d_abst,quartil: maior alta da abstenção,70+ (voto facultativo),126,1736624,237235,0.1366,0.1452,0.94,3.32,1.62
RS,Sul,alvo_iii_d_abst,quartil: maior alta da abstenção,sem fundamental completo,126,1736624,574837,0.331,0.3097,1.07,3.32,1.62
RS,Sul,alvo_iii_d_abst,quartil: maior alta da abstenção,ensino superior,126,1736624,152269,0.0877,0.1116,0.79,3.32,1.62
RS,Sul,alvo_iii_d_abst,quartil: maior alta da abstenção,mulheres,126,1736624,912201,0.5253,0.5289,0.99,3.32,1.62
RS,Sul,alvo_iv_terceiros,quartil: maior voto em terceiros,jovens 16–24,125,5041049,472438,0.0937,0.0947,0.99,9.7,8.65
RS,Sul,alvo_iv_terceiros,quartil: maior voto em terceiros,16–17 (voto facultativo),125,5041049,27406,0.0054,0.0064,0.85,9.7,8.65
RS,Sul,alvo_iv_terceiros,quartil: maior voto em terceiros,idosos 60+,125,5041049,1472361,0.2921,0.2983,0.98,9.7,8.65
RS,Sul,alvo_iv_terceiros,quartil: maior voto em terceiros,70+ (voto facultativo),125,5041049,717150,0.1423,0.1452,0.98,9.7,8.65
RS,Sul,alvo_iv_terceiros,quartil: maior voto em terceiros,sem fundamental completo,125,5041049,1374984,0.2728,0.3097,0.88,9.7,8.65
RS,Sul,alvo_iv_terceiros,quartil: maior voto em terceiros,ensino superior,125,5041049,598892,0.1188,0.1116,1.06,9.7,8.65
RS,Sul,alvo_iv_terceiros,quartil: maior voto em terceiros,mulheres,125,5041049,2701447,0.5359,0.5289,1.01,9.7,8.65
SC,Sul,alvo_ii_flavio_menos_bolso22,quartil: Flávio mais abaixo de Jair 2022,jovens 16–24,74,3373510,354299,0.105,0.1074,0.98,2.54,4.33
SC,Sul,alvo_ii_flavio_menos_bolso22,quartil: Flávio mais abaixo de Jair 2022,16–17 (voto facultativo),74,3373510,23147,0.0069,0.0079,0.87,2.54,4.33
SC,Sul,alvo_ii_flavio_menos_bolso22,quartil: Flávio mais abaixo de Jair 2022,idosos 60+,74,3373510,778509,0.2308,0.2396,0.96,2.54,4.33
SC,Sul,alvo_ii_flavio_menos_bolso22,quartil: Flávio mais abaixo de Jair 2022,70+ (voto facultativo),74,3373510,326829,0.0969,0.1028,0.94,2.54,4.33
SC,Sul,alvo_ii_flavio_menos_bolso22,quartil: Flávio mais abaixo de Jair 2022,sem fundamental completo,74,3373510,666539,0.1976,0.2473,0.8,2.54,4.33
SC,Sul,alvo_ii_flavio_menos_bolso22,quartil: Flávio mais abaixo de Jair 2022,ensino superior,74,3373510,587353,0.1741,0.1483,1.17,2.54,4.33
SC,Sul,alvo_ii_flavio_menos_bolso22,quartil: Flávio mais abaixo de Jair 2022,mulheres,74,3373510,1782367,0.5283,0.5226,1.01,2.54,4.33
SC,Sul,alvo_i_swing_para_PL,quartil: menor swing para o PL,jovens 16–24,74,3423331,360161,0.1052,0.1074,0.98,5.22,8.73
SC,Sul,alvo_i_swing_para_PL,quartil: menor swing para o PL,16–17 (voto facultativo),74,3423331,23558,0.0069,0.0079,0.88,5.22,8.73
SC,Sul,alvo_i_swing_para_PL,quartil: menor swing para o PL,idosos 60+,74,3423331,789280,0.2306,0.2396,0.96,5.22,8.73
SC,Sul,alvo_i_swing_para_PL,quartil: menor swing para o PL,70+ (voto facultativo),74,3423331,331254,0.0968,0.1028,0.94,5.22,8.73
SC,Sul,alvo_i_swing_para_PL,quartil: menor swing para o PL,sem fundamental completo,74,3423331,679535,0.1985,0.2473,0.8,5.22,8.73
SC,Sul,alvo_i_swing_para_PL,quartil: menor swing para o PL,ensino superior,74,3423331,592058,0.1729,0.1483,1.17,5.22,8.73
SC,Sul,alvo_i_swing_para_PL,quartil: menor swing para o PL,mulheres,74,3423331,1808594,0.5283,0.5226,1.01,5.22,8.73
SC,Sul,alvo_iii_d_abst,quartil: maior alta da abstenção,jovens 16–24,74,2400430,250390,0.1043,0.1074,0.97,1.73,0.51
SC,Sul,alvo_iii_d_abst,quartil: maior alta da abstenção,16–17 (voto facultativo),74,2400430,15943,0.0066,0.0079,0.85,1.73,0.51
SC,Sul,alvo_iii_d_abst,quartil: maior alta da abstenção,idosos 60+,74,2400430,548239,0.2284,0.2396,0.95,1.73,0.51
SC,Sul,alvo_iii_d_abst,quartil: maior alta da abstenção,70+ (voto facultativo),74,2400430,228815,0.0953,0.1028,0.93,1.73,0.51
SC,Sul,alvo_iii_d_abst,quartil: maior alta da abstenção,sem fundamental completo,74,2400430,444030,0.185,0.2473,0.75,1.73,0.51
SC,Sul,alvo_iii_d_abst,quartil: maior alta da abstenção,ensino superior,74,2400430,466590,0.1944,0.1483,1.31,1.73,0.51
SC,Sul,alvo_iii_d_abst,quartil: maior alta da abstenção,mulheres,74,2400430,1267138,0.5279,0.5226,1.01,1.73,0.51
SC,Sul,alvo_iv_terceiros,quartil: maior voto em terceiros,jovens 16–24,75,3077831,323821,0.1052,0.1074,0.98,9.4,8.31
SC,Sul,alvo_iv_terceiros,quartil: maior voto em terceiros,16–17 (voto facultativo),75,3077831,21245,0.0069,0.0079,0.88,9.4,8.31
SC,Sul,alvo_iv_terceiros,quartil: maior voto em terceiros,idosos 60+,75,3077831,720135,0.234,0.2396,0.98,9.4,8.31
SC,Sul,alvo_iv_terceiros,quartil: maior voto em terceiros,70+ (voto facultativo),75,3077831,306250,0.0995,0.1028,0.97,9.4,8.31
SC,Sul,alvo_iv_terceiros,quartil: maior voto em terceiros,sem fundamental completo,75,3077831,615346,0.1999,0.2473,0.81,9.4,8.31
SC,Sul,alvo_iv_terceiros,quartil: maior voto em terceiros,ensino superior,75,3077831,537578,0.1747,0.1483,1.18,9.4,8.31
SC,Sul,alvo_iv_terceiros,quartil: maior voto em terceiros,mulheres,75,3077831,1623551,0.5275,0.5226,1.01,9.4,8.31
SE,Nordeste,alvo_ii_flavio_menos_bolso22,quartil: Flávio mais abaixo de Jair 2022,jovens 16–24,19,885620,113650,0.1283,0.1367,0.94,0.26,1.6
SE,Nordeste,alvo_ii_flavio_menos_bolso22,quartil: Flávio mais abaixo de Jair 2022,16–17 (voto facultativo),19,885620,8343,0.0094,0.0133,0.71,0.26,1.6
SE,Nordeste,alvo_ii_flavio_menos_bolso22,quartil: Flávio mais abaixo de Jair 2022,idosos 60+,19,885620,180108,0.2034,0.2013,1.01,0.26,1.6
SE,Nordeste,alvo_ii_flavio_menos_bolso22,quartil: Flávio mais abaixo de Jair 2022,70+ (voto facultativo),19,885620,77992,0.0881,0.0904,0.97,0.26,1.6
SE,Nordeste,alvo_ii_flavio_menos_bolso22,quartil: Flávio mais abaixo de Jair 2022,sem fundamental completo,19,885620,276823,0.3126,0.4156,0.75,0.26,1.6
SE,Nordeste,alvo_ii_flavio_menos_bolso22,quartil: Flávio mais abaixo de Jair 2022,ensino superior,19,885620,97013,0.1095,0.0756,1.45,0.26,1.6
SE,Nordeste,alvo_ii_flavio_menos_bolso22,quartil: Flávio mais abaixo de Jair 2022,mulheres,19,885620,479685,0.5416,0.532,1.02,0.26,1.6
SE,Nordeste,alvo_i_swing_para_PL,quartil: menor swing para o PL,jovens 16–24,19,885916,113722,0.1284,0.1367,0.94,-0.49,2.87
SE,Nordeste,alvo_i_swing_para_PL,quartil: menor swing para o PL,16–17 (voto facultativo),19,885916,8367,0.0094,0.0133,0.71,-0.49,2.87
SE,Nordeste,alvo_i_swing_para_PL,quartil: menor swing para o PL,idosos 60+,19,885916,180095,0.2033,0.2013,1.01,-0.49,2.87
SE,Nordeste,alvo_i_swing_para_PL,quartil: menor swing para o PL,70+ (voto facultativo),19,885916,77992,0.088,0.0904,0.97,-0.49,2.87
SE,Nordeste,alvo_i_swing_para_PL,quartil: menor swing para o PL,sem fundamental completo,19,885916,277182,0.3129,0.4156,0.75,-0.49,2.87
SE,Nordeste,alvo_i_swing_para_PL,quartil: menor swing para o PL,ensino superior,19,885916,96990,0.1095,0.0756,1.45,-0.49,2.87
SE,Nordeste,alvo_i_swing_para_PL,quartil: menor swing para o PL,mulheres,19,885916,479817,0.5416,0.532,1.02,-0.49,2.87
SE,Nordeste,alvo_iii_d_abst,quartil: maior alta da abstenção,jovens 16–24,19,772496,96869,0.1254,0.1367,0.92,-0.16,-1.05
SE,Nordeste,alvo_iii_d_abst,quartil: maior alta da abstenção,16–17 (voto facultativo),19,772496,7171,0.0093,0.0133,0.7,-0.16,-1.05
SE,Nordeste,alvo_iii_d_abst,quartil: maior alta da abstenção,idosos 60+,19,772496,160734,0.2081,0.2013,1.03,-0.16,-1.05
SE,Nordeste,alvo_iii_d_abst,quartil: maior alta da abstenção,70+ (voto facultativo),19,772496,70979,0.0919,0.0904,1.02,-0.16,-1.05
SE,Nordeste,alvo_iii_d_abst,quartil: maior alta da abstenção,sem fundamental completo,19,772496,236618,0.3063,0.4156,0.74,-0.16,-1.05
SE,Nordeste,alvo_iii_d_abst,quartil: maior alta da abstenção,ensino superior,19,772496,89676,0.1161,0.0756,1.54,-0.16,-1.05
SE,Nordeste,alvo_iii_d_abst,quartil: maior alta da abstenção,mulheres,19,772496,419727,0.5433,0.532,1.02,-0.16,-1.05
SE,Nordeste,alvo_iv_terceiros,quartil: maior voto em terceiros,jovens 16–24,19,1073703,138230,0.1287,0.1367,0.94,7.57,6.6
SE,Nordeste,alvo_iv_terceiros,quartil: maior voto em terceiros,16–17 (voto facultativo),19,1073703,11176,0.0104,0.0133,0.79,7.57,6.6
SE,Nordeste,alvo_iv_terceiros,quartil: maior voto em terceiros,idosos 60+,19,1073703,220801,0.2056,0.2013,1.02,7.57,6.6
SE,Nordeste,alvo_iv_terceiros,quartil: maior voto em terceiros,70+ (voto facultativo),19,1073703,97699,0.091,0.0904,1.01,7.57,6.6
SE,Nordeste,alvo_iv_terceiros,quartil: maior voto em terceiros,sem fundamental completo,19,1073703,377889,0.3519,0.4156,0.85,7.57,6.6
SE,Nordeste,alvo_iv_terceiros,quartil: maior voto em terceiros,ensino superior,19,1073703,106023,0.0987,0.0756,1.31,7.57,6.6
SE,Nordeste,alvo_iv_terceiros,quartil: maior voto em terceiros,mulheres,19,1073703,580623,0.5408,0.532,1.02,7.57,6.6
SP,Sudeste,alvo_ii_flavio_menos_bolso22,quartil: Flávio mais abaixo de Jair 2022,jovens 16–24,162,24713166,2577984,0.1043,0.1067,0.98,3.53,4.1
SP,Sudeste,alvo_ii_flavio_menos_bolso22,quartil: Flávio mais abaixo de Jair 2022,16–17 (voto facultativo),162,24713166,123024,0.005,0.0053,0.94,3.53,4.1
SP,Sudeste,alvo_ii_flavio_menos_bolso22,quartil: Flávio mais abaixo de Jair 2022,idosos 60+,162,24713166,6320177,0.2557,0.25,1.02,3.53,4.1
SP,Sudeste,alvo_ii_flavio_menos_bolso22,quartil: Flávio mais abaixo de Jair 2022,70+ (voto facultativo),162,24713166,2960492,0.1198,0.1143,1.05,3.53,4.1
SP,Sudeste,alvo_ii_flavio_menos_bolso22,quartil: Flávio mais abaixo de Jair 2022,sem fundamental completo,162,24713166,5004525,0.2025,0.2206,0.92,3.53,4.1
SP,Sudeste,alvo_ii_flavio_menos_bolso22,quartil: Flávio mais abaixo de Jair 2022,ensino superior,162,24713166,4040445,0.1635,0.1505,1.09,3.53,4.1
SP,Sudeste,alvo_ii_flavio_menos_bolso22,quartil: Flávio mais abaixo de Jair 2022,mulheres,162,24713166,13255117,0.5364,0.5325,1.01,3.53,4.1
SP,Sudeste,alvo_i_swing_para_PL,quartil: menor swing para o PL,jovens 16–24,163,24813322,2581093,0.104,0.1067,0.97,5.23,6.68
SP,Sudeste,alvo_i_swing_para_PL,quartil: menor swing para o PL,16–17 (voto facultativo),163,24813322,123027,0.005,0.0053,0.94,5.23,6.68
SP,Sudeste,alvo_i_swing_para_PL,quartil: menor swing para o PL,idosos 60+,163,24813322,6366146,0.2566,0.25,1.03,5.23,6.68
SP,Sudeste,alvo_i_swing_para_PL,quartil: menor swing para o PL,70+ (voto facultativo),163,24813322,2986504,0.1204,0.1143,1.05,5.23,6.68
SP,Sudeste,alvo_i_swing_para_PL,quartil: menor swing para o PL,sem fundamental completo,163,24813322,5033186,0.2028,0.2206,0.92,5.23,6.68
SP,Sudeste,alvo_i_swing_para_PL,quartil: menor swing para o PL,ensino superior,163,24813322,4067443,0.1639,0.1505,1.09,5.23,6.68
SP,Sudeste,alvo_i_swing_para_PL,quartil: menor swing para o PL,mulheres,163,24813322,13308753,0.5364,0.5325,1.01,5.23,6.68
SP,Sudeste,alvo_iii_d_abst,quartil: maior alta da abstenção,jovens 16–24,162,20393833,2163404,0.1061,0.1067,0.99,2.45,0.97
SP,Sudeste,alvo_iii_d_abst,quartil: maior alta da abstenção,16–17 (voto facultativo),162,20393833,100853,0.0049,0.0053,0.93,2.45,0.97
SP,Sudeste,alvo_iii_d_abst,quartil: maior alta da abstenção,idosos 60+,162,20393833,5109315,0.2505,0.25,1.0,2.45,0.97
SP,Sudeste,alvo_iii_d_abst,quartil: maior alta da abstenção,70+ (voto facultativo),162,20393833,2439430,0.1196,0.1143,1.05,2.45,0.97
SP,Sudeste,alvo_iii_d_abst,quartil: maior alta da abstenção,sem fundamental completo,162,20393833,4300892,0.2109,0.2206,0.96,2.45,0.97
SP,Sudeste,alvo_iii_d_abst,quartil: maior alta da abstenção,ensino superior,162,20393833,3079149,0.151,0.1505,1.0,2.45,0.97
SP,Sudeste,alvo_iii_d_abst,quartil: maior alta da abstenção,mulheres,162,20393833,10966857,0.5378,0.5325,1.01,2.45,0.97
SP,Sudeste,alvo_iv_terceiros,quartil: maior voto em terceiros,jovens 16–24,162,27151036,2904372,0.107,0.1067,1.0,10.59,9.88
SP,Sudeste,alvo_iv_terceiros,quartil: maior voto em terceiros,16–17 (voto facultativo),162,27151036,137461,0.0051,0.0053,0.96,10.59,9.88
SP,Sudeste,alvo_iv_terceiros,quartil: maior voto em terceiros,idosos 60+,162,27151036,6733410,0.248,0.25,0.99,10.59,9.88
SP,Sudeste,alvo_iv_terceiros,quartil: maior voto em terceiros,70+ (voto facultativo),162,27151036,3123614,0.115,0.1143,1.01,10.59,9.88
SP,Sudeste,alvo_iv_terceiros,quartil: maior voto em terceiros,sem fundamental completo,162,27151036,5644604,0.2079,0.2206,0.94,10.59,9.88
SP,Sudeste,alvo_iv_terceiros,quartil: maior voto em terceiros,ensino superior,162,27151036,4186809,0.1542,0.1505,1.02,10.59,9.88
SP,Sudeste,alvo_iv_terceiros,quartil: maior voto em terceiros,mulheres,162,27151036,14545551,0.5357,0.5325,1.01,10.59,9.88
TO,Norte,alvo_ii_flavio_menos_bolso22,quartil: Flávio mais abaixo de Jair 2022,jovens 16–24,35,594105,93912,0.1581,0.1571,1.01,4.33,6.38
TO,Norte,alvo_ii_flavio_menos_bolso22,quartil: Flávio mais abaixo de Jair 2022,16–17 (voto facultativo),35,594105,11671,0.0196,0.0199,0.99,4.33,6.38
TO,Norte,alvo_ii_flavio_menos_bolso22,quartil: Flávio mais abaixo de Jair 2022,idosos 60+,35,594105,102297,0.1722,0.1927,0.89,4.33,6.38
TO,Norte,alvo_ii_flavio_menos_bolso22,quartil: Flávio mais abaixo de Jair 2022,70+ (voto facultativo),35,594105,44771,0.0754,0.0879,0.86,4.33,6.38
TO,Norte,alvo_ii_flavio_menos_bolso22,quartil: Flávio mais abaixo de Jair 2022,sem fundamental completo,35,594105,149607,0.2518,0.3117,0.81,4.33,6.38
TO,Norte,alvo_ii_flavio_menos_bolso22,quartil: Flávio mais abaixo de Jair 2022,ensino superior,35,594105,80053,0.1347,0.1105,1.22,4.33,6.38
TO,Norte,alvo_ii_flavio_menos_bolso22,quartil: Flávio mais abaixo de Jair 2022,mulheres,35,594105,311434,0.5242,0.5092,1.03,4.33,6.38
TO,Norte,alvo_i_swing_para_PL,quartil: menor swing para o PL,jovens 16–24,36,580308,92203,0.1589,0.1571,1.01,9.23,13.29
TO,Norte,alvo_i_swing_para_PL,quartil: menor swing para o PL,16–17 (voto facultativo),36,580308,11278,0.0194,0.0199,0.98,9.23,13.29
TO,Norte,alvo_i_swing_para_PL,quartil: menor swing para o PL,idosos 60+,36,580308,99638,0.1717,0.1927,0.89,9.23,13.29
TO,Norte,alvo_i_swing_para_PL,quartil: menor swing para o PL,70+ (voto facultativo),36,580308,43576,0.0751,0.0879,0.85,9.23,13.29
TO,Norte,alvo_i_swing_para_PL,quartil: menor swing para o PL,sem fundamental completo,36,580308,145812,0.2513,0.3117,0.81,9.23,13.29
TO,Norte,alvo_i_swing_para_PL,quartil: menor swing para o PL,ensino superior,36,580308,77817,0.1341,0.1105,1.21,9.23,13.29
TO,Norte,alvo_i_swing_para_PL,quartil: menor swing para o PL,mulheres,36,580308,303490,0.523,0.5092,1.03,9.23,13.29
TO,Norte,alvo_iii_d_abst,quartil: maior alta da abstenção,jovens 16–24,35,164640,25806,0.1567,0.1571,1.0,1.54,-0.18
TO,Norte,alvo_iii_d_abst,quartil: maior alta da abstenção,16–17 (voto facultativo),35,164640,3235,0.0196,0.0199,0.99,1.54,-0.18
TO,Norte,alvo_iii_d_abst,quartil: maior alta da abstenção,idosos 60+,35,164640,33884,0.2058,0.1927,1.07,1.54,-0.18
TO,Norte,alvo_iii_d_abst,quartil: maior alta da abstenção,70+ (voto facultativo),35,164640,15862,0.0963,0.0879,1.1,1.54,-0.18
TO,Norte,alvo_iii_d_abst,quartil: maior alta da abstenção,sem fundamental completo,35,164640,59775,0.3631,0.3117,1.16,1.54,-0.18
TO,Norte,alvo_iii_d_abst,quartil: maior alta da abstenção,ensino superior,35,164640,14765,0.0897,0.1105,0.81,1.54,-0.18
TO,Norte,alvo_iii_d_abst,quartil: maior alta da abstenção,mulheres,35,164640,80920,0.4915,0.5092,0.97,1.54,-0.18
TO,Norte,alvo_iv_terceiros,quartil: maior voto em terceiros,jovens 16–24,37,668740,102345,0.153,0.1571,0.97,7.21,6.12
TO,Norte,alvo_iv_terceiros,quartil: maior voto em terceiros,16–17 (voto facultativo),37,668740,11890,0.0178,0.0199,0.89,7.21,6.12
TO,Norte,alvo_iv_terceiros,quartil: maior voto em terceiros,idosos 60+,37,668740,117684,0.176,0.1927,0.91,7.21,6.12
TO,Norte,alvo_iv_terceiros,quartil: maior voto em terceiros,70+ (voto facultativo),37,668740,51178,0.0765,0.0879,0.87,7.21,6.12
TO,Norte,alvo_iv_terceiros,quartil: maior voto em terceiros,sem fundamental completo,37,668740,161641,0.2417,0.3117,0.78,7.21,6.12
TO,Norte,alvo_iv_terceiros,quartil: maior voto em terceiros,ensino superior,37,668740,91725,0.1372,0.1105,1.24,7.21,6.12
TO,Norte,alvo_iv_terceiros,quartil: maior voto em terceiros,mulheres,37,668740,350267,0.5238,0.5092,1.03,7.21,6.12
