escopo,alvo,variavel,coef_pp,ep_robusto,t,r2,municipios
Brasil,alvo_i_swing_para_PL,jovens_16_24_pct,-4.48,1.07,-4.2,0.418,5570
Brasil,alvo_i_swing_para_PL,idosos_60mais_pct,-0.58,0.73,-0.8,0.418,5570
Brasil,alvo_i_swing_para_PL,escol_sem_fundamental_pct,0.1,0.35,0.3,0.418,5570
Brasil,alvo_i_swing_para_PL,escol_superior_pct,-0.44,0.64,-0.7,0.418,5570
Brasil,alvo_i_swing_para_PL,mulheres_pct,-9.68,1.91,-5.1,0.418,5570
Brasil,alvo_i_swing_para_PL,log_aptos,-2.27,0.8,-2.8,0.418,5570
Brasil,alvo_ii_flavio_menos_bolso22,jovens_16_24_pct,-1.41,0.64,-2.2,0.325,5570
Brasil,alvo_ii_flavio_menos_bolso22,idosos_60mais_pct,0.13,0.47,0.3,0.325,5570
Brasil,alvo_ii_flavio_menos_bolso22,escol_sem_fundamental_pct,0.3,0.22,1.4,0.325,5570
Brasil,alvo_ii_flavio_menos_bolso22,escol_superior_pct,0.19,0.39,0.5,0.325,5570
Brasil,alvo_ii_flavio_menos_bolso22,mulheres_pct,-5.97,1.17,-5.1,0.325,5570
Brasil,alvo_ii_flavio_menos_bolso22,log_aptos,-0.46,0.5,-0.9,0.325,5570
Brasil,alvo_iii_d_abst,jovens_16_24_pct,-2.71,0.44,-6.2,0.294,5570
Brasil,alvo_iii_d_abst,idosos_60mais_pct,0.22,0.28,0.8,0.294,5570
Brasil,alvo_iii_d_abst,escol_sem_fundamental_pct,-0.96,0.14,-7.0,0.294,5570
Brasil,alvo_iii_d_abst,escol_superior_pct,-1.46,0.28,-5.1,0.294,5570
Brasil,alvo_iii_d_abst,mulheres_pct,-0.5,0.53,-0.9,0.294,5570
Brasil,alvo_iii_d_abst,log_aptos,0.44,0.15,2.9,0.294,5570
Brasil,alvo_iv_terceiros,jovens_16_24_pct,-3.79,0.63,-6.0,0.503,5570
Brasil,alvo_iv_terceiros,idosos_60mais_pct,-0.65,0.47,-1.4,0.503,5570
Brasil,alvo_iv_terceiros,escol_sem_fundamental_pct,-1.23,0.15,-8.5,0.503,5570
Brasil,alvo_iv_terceiros,escol_superior_pct,-0.15,0.3,-0.5,0.503,5570
Brasil,alvo_iv_terceiros,mulheres_pct,-2.65,0.8,-3.3,0.503,5570
Brasil,alvo_iv_terceiros,log_aptos,0.54,0.3,1.8,0.503,5570
Centro-Oeste,alvo_i_swing_para_PL,jovens_16_24_pct,-11.88,3.54,-3.4,0.709,467
Centro-Oeste,alvo_i_swing_para_PL,idosos_60mais_pct,-3.5,1.66,-2.1,0.709,467
Centro-Oeste,alvo_i_swing_para_PL,escol_sem_fundamental_pct,0.47,0.7,0.7,0.709,467
Centro-Oeste,alvo_i_swing_para_PL,escol_superior_pct,-1.3,0.92,-1.4,0.709,467
Centro-Oeste,alvo_i_swing_para_PL,mulheres_pct,4.31,2.48,1.7,0.709,467
Centro-Oeste,alvo_i_swing_para_PL,log_aptos,-6.66,1.04,-6.4,0.709,467
Centro-Oeste,alvo_ii_flavio_menos_bolso22,jovens_16_24_pct,-2.63,2.15,-1.2,0.511,467
Centro-Oeste,alvo_ii_flavio_menos_bolso22,idosos_60mais_pct,-2.48,0.99,-2.5,0.511,467
Centro-Oeste,alvo_ii_flavio_menos_bolso22,escol_sem_fundamental_pct,2.32,0.48,4.8,0.511,467
Centro-Oeste,alvo_ii_flavio_menos_bolso22,escol_superior_pct,3.99,0.73,5.5,0.511,467
Centro-Oeste,alvo_ii_flavio_menos_bolso22,mulheres_pct,-0.54,1.7,-0.3,0.511,467
Centro-Oeste,alvo_ii_flavio_menos_bolso22,log_aptos,-2.62,0.67,-3.9,0.511,467
Centro-Oeste,alvo_iii_d_abst,jovens_16_24_pct,1.82,1.49,1.2,0.152,467
Centro-Oeste,alvo_iii_d_abst,idosos_60mais_pct,0.54,0.63,0.9,0.152,467
Centro-Oeste,alvo_iii_d_abst,escol_sem_fundamental_pct,0.96,0.41,2.3,0.152,467
Centro-Oeste,alvo_iii_d_abst,escol_superior_pct,0.79,0.69,1.1,0.152,467
Centro-Oeste,alvo_iii_d_abst,mulheres_pct,3.37,1.1,3.1,0.152,467
Centro-Oeste,alvo_iii_d_abst,log_aptos,0.69,0.44,1.6,0.152,467
Centro-Oeste,alvo_iv_terceiros,jovens_16_24_pct,-6.79,2.8,-2.4,0.488,467
Centro-Oeste,alvo_iv_terceiros,idosos_60mais_pct,3.64,1.28,2.9,0.488,467
Centro-Oeste,alvo_iv_terceiros,escol_sem_fundamental_pct,-4.58,0.71,-6.5,0.488,467
Centro-Oeste,alvo_iv_terceiros,escol_superior_pct,-10.32,1.04,-9.9,0.488,467
Centro-Oeste,alvo_iv_terceiros,mulheres_pct,5.68,2.09,2.7,0.488,467
Centro-Oeste,alvo_iv_terceiros,log_aptos,1.23,0.76,1.6,0.488,467
Nordeste,alvo_i_swing_para_PL,jovens_16_24_pct,3.53,1.07,3.3,0.36,1794
Nordeste,alvo_i_swing_para_PL,idosos_60mais_pct,-1.71,0.96,-1.8,0.36,1794
Nordeste,alvo_i_swing_para_PL,escol_sem_fundamental_pct,0.13,0.26,0.5,0.36,1794
Nordeste,alvo_i_swing_para_PL,escol_superior_pct,0.27,1.38,0.2,0.36,1794
Nordeste,alvo_i_swing_para_PL,mulheres_pct,-8.61,1.41,-6.1,0.36,1794
Nordeste,alvo_i_swing_para_PL,log_aptos,-0.51,0.72,-0.7,0.36,1794
Nordeste,alvo_ii_flavio_menos_bolso22,jovens_16_24_pct,1.56,0.54,2.9,0.281,1794
Nordeste,alvo_ii_flavio_menos_bolso22,idosos_60mais_pct,-0.8,0.59,-1.4,0.281,1794
Nordeste,alvo_ii_flavio_menos_bolso22,escol_sem_fundamental_pct,0.12,0.18,0.6,0.281,1794
Nordeste,alvo_ii_flavio_menos_bolso22,escol_superior_pct,0.33,0.91,0.4,0.281,1794
Nordeste,alvo_ii_flavio_menos_bolso22,mulheres_pct,-5.67,0.83,-6.9,0.281,1794
Nordeste,alvo_ii_flavio_menos_bolso22,log_aptos,0.23,0.48,0.5,0.281,1794
Nordeste,alvo_iii_d_abst,jovens_16_24_pct,-3.65,0.68,-5.4,0.235,1794
Nordeste,alvo_iii_d_abst,idosos_60mais_pct,-1.19,0.56,-2.1,0.235,1794
Nordeste,alvo_iii_d_abst,escol_sem_fundamental_pct,-0.8,0.27,-3.0,0.235,1794
Nordeste,alvo_iii_d_abst,escol_superior_pct,-0.96,0.8,-1.2,0.235,1794
Nordeste,alvo_iii_d_abst,mulheres_pct,3.19,1.27,2.5,0.235,1794
Nordeste,alvo_iii_d_abst,log_aptos,-0.77,0.71,-1.1,0.235,1794
Nordeste,alvo_iv_terceiros,jovens_16_24_pct,-1.64,0.21,-7.9,0.743,1794
Nordeste,alvo_iv_terceiros,idosos_60mais_pct,-1.18,0.2,-5.9,0.743,1794
Nordeste,alvo_iv_terceiros,escol_sem_fundamental_pct,-0.31,0.1,-3.1,0.743,1794
Nordeste,alvo_iv_terceiros,escol_superior_pct,0.36,0.32,1.1,0.743,1794
Nordeste,alvo_iv_terceiros,mulheres_pct,1.34,0.29,4.6,0.743,1794
Nordeste,alvo_iv_terceiros,log_aptos,0.44,0.13,3.4,0.743,1794
Norte,alvo_i_swing_para_PL,jovens_16_24_pct,-8.65,1.99,-4.3,0.434,450
Norte,alvo_i_swing_para_PL,idosos_60mais_pct,-6.35,1.57,-4.0,0.434,450
Norte,alvo_i_swing_para_PL,escol_sem_fundamental_pct,0.66,0.59,1.1,0.434,450
Norte,alvo_i_swing_para_PL,escol_superior_pct,1.72,1.44,1.2,0.434,450
Norte,alvo_i_swing_para_PL,mulheres_pct,-6.17,3.03,-2.0,0.434,450
Norte,alvo_i_swing_para_PL,log_aptos,-5.55,0.82,-6.7,0.434,450
Norte,alvo_ii_flavio_menos_bolso22,jovens_16_24_pct,-2.89,0.99,-2.9,0.428,450
Norte,alvo_ii_flavio_menos_bolso22,idosos_60mais_pct,-1.92,0.71,-2.7,0.428,450
Norte,alvo_ii_flavio_menos_bolso22,escol_sem_fundamental_pct,0.6,0.3,2.0,0.428,450
Norte,alvo_ii_flavio_menos_bolso22,escol_superior_pct,0.57,0.71,0.8,0.428,450
Norte,alvo_ii_flavio_menos_bolso22,mulheres_pct,-2.63,1.49,-1.8,0.428,450
Norte,alvo_ii_flavio_menos_bolso22,log_aptos,-1.96,0.36,-5.4,0.428,450
Norte,alvo_iii_d_abst,jovens_16_24_pct,0.24,0.74,0.3,0.44,450
Norte,alvo_iii_d_abst,idosos_60mais_pct,1.65,0.55,3.0,0.44,450
Norte,alvo_iii_d_abst,escol_sem_fundamental_pct,-2.1,0.22,-9.6,0.44,450
Norte,alvo_iii_d_abst,escol_superior_pct,-1.68,0.56,-3.0,0.44,450
Norte,alvo_iii_d_abst,mulheres_pct,-6.34,1.24,-5.1,0.44,450
Norte,alvo_iii_d_abst,log_aptos,0.88,0.44,2.0,0.44,450
Norte,alvo_iv_terceiros,jovens_16_24_pct,-1.36,0.44,-3.1,0.757,450
Norte,alvo_iv_terceiros,idosos_60mais_pct,-0.59,0.41,-1.4,0.757,450
Norte,alvo_iv_terceiros,escol_sem_fundamental_pct,-0.63,0.13,-4.8,0.757,450
Norte,alvo_iv_terceiros,escol_superior_pct,0.44,0.51,0.9,0.757,450
Norte,alvo_iv_terceiros,mulheres_pct,1.57,0.82,1.9,0.757,450
Norte,alvo_iv_terceiros,log_aptos,0.47,0.2,2.4,0.757,450
Sudeste,alvo_i_swing_para_PL,jovens_16_24_pct,-2.76,1.64,-1.7,0.578,1668
Sudeste,alvo_i_swing_para_PL,idosos_60mais_pct,-3.83,0.87,-4.4,0.578,1668
Sudeste,alvo_i_swing_para_PL,escol_sem_fundamental_pct,1.61,0.43,3.8,0.578,1668
Sudeste,alvo_i_swing_para_PL,escol_superior_pct,1.53,0.63,2.4,0.578,1668
Sudeste,alvo_i_swing_para_PL,mulheres_pct,-10.62,2.08,-5.1,0.578,1668
Sudeste,alvo_i_swing_para_PL,log_aptos,-0.83,0.55,-1.5,0.578,1668
Sudeste,alvo_ii_flavio_menos_bolso22,jovens_16_24_pct,-1.11,1.11,-1.0,0.454,1668
Sudeste,alvo_ii_flavio_menos_bolso22,idosos_60mais_pct,-1.66,0.64,-2.6,0.454,1668
Sudeste,alvo_ii_flavio_menos_bolso22,escol_sem_fundamental_pct,0.82,0.29,2.8,0.454,1668
Sudeste,alvo_ii_flavio_menos_bolso22,escol_superior_pct,1.25,0.42,3.0,0.454,1668
Sudeste,alvo_ii_flavio_menos_bolso22,mulheres_pct,-7.45,1.37,-5.4,0.454,1668
Sudeste,alvo_ii_flavio_menos_bolso22,log_aptos,0.16,0.41,0.4,0.454,1668
Sudeste,alvo_iii_d_abst,jovens_16_24_pct,-0.24,1.32,-0.2,0.242,1668
Sudeste,alvo_iii_d_abst,idosos_60mais_pct,0.35,0.55,0.6,0.242,1668
Sudeste,alvo_iii_d_abst,escol_sem_fundamental_pct,-0.7,0.22,-3.2,0.242,1668
Sudeste,alvo_iii_d_abst,escol_superior_pct,-1.37,0.44,-3.1,0.242,1668
Sudeste,alvo_iii_d_abst,mulheres_pct,-1.46,1.19,-1.2,0.242,1668
Sudeste,alvo_iii_d_abst,log_aptos,1.0,0.12,8.5,0.242,1668
Sudeste,alvo_iv_terceiros,jovens_16_24_pct,-3.74,1.34,-2.8,0.549,1668
Sudeste,alvo_iv_terceiros,idosos_60mais_pct,-2.12,0.81,-2.6,0.549,1668
Sudeste,alvo_iv_terceiros,escol_sem_fundamental_pct,-0.53,0.25,-2.1,0.549,1668
Sudeste,alvo_iv_terceiros,escol_superior_pct,0.64,0.41,1.6,0.549,1668
Sudeste,alvo_iv_terceiros,mulheres_pct,-2.07,0.98,-2.1,0.549,1668
Sudeste,alvo_iv_terceiros,log_aptos,0.87,0.22,4.0,0.549,1668
Sul,alvo_i_swing_para_PL,jovens_16_24_pct,6.74,2.44,2.8,0.62,1191
Sul,alvo_i_swing_para_PL,idosos_60mais_pct,1.79,0.96,1.9,0.62,1191
Sul,alvo_i_swing_para_PL,escol_sem_fundamental_pct,4.47,0.61,7.4,0.62,1191
Sul,alvo_i_swing_para_PL,escol_superior_pct,1.91,0.65,2.9,0.62,1191
Sul,alvo_i_swing_para_PL,mulheres_pct,-3.98,2.38,-1.7,0.62,1191
Sul,alvo_i_swing_para_PL,log_aptos,-0.77,0.46,-1.7,0.62,1191
Sul,alvo_ii_flavio_menos_bolso22,jovens_16_24_pct,3.78,1.24,3.0,0.595,1191
Sul,alvo_ii_flavio_menos_bolso22,idosos_60mais_pct,1.52,0.48,3.2,0.595,1191
Sul,alvo_ii_flavio_menos_bolso22,escol_sem_fundamental_pct,2.27,0.31,7.4,0.595,1191
Sul,alvo_ii_flavio_menos_bolso22,escol_superior_pct,1.28,0.33,3.8,0.595,1191
Sul,alvo_ii_flavio_menos_bolso22,mulheres_pct,-3.03,1.2,-2.5,0.595,1191
Sul,alvo_ii_flavio_menos_bolso22,log_aptos,-0.05,0.22,-0.2,0.595,1191
Sul,alvo_iii_d_abst,jovens_16_24_pct,0.41,0.88,0.5,0.073,1191
Sul,alvo_iii_d_abst,idosos_60mais_pct,0.44,0.38,1.2,0.073,1191
Sul,alvo_iii_d_abst,escol_sem_fundamental_pct,0.05,0.21,0.2,0.073,1191
Sul,alvo_iii_d_abst,escol_superior_pct,-0.58,0.44,-1.3,0.073,1191
Sul,alvo_iii_d_abst,mulheres_pct,-0.06,0.59,-0.1,0.073,1191
Sul,alvo_iii_d_abst,log_aptos,0.8,0.19,4.3,0.073,1191
Sul,alvo_iv_terceiros,jovens_16_24_pct,-0.92,0.93,-1.0,0.598,1191
Sul,alvo_iv_terceiros,idosos_60mais_pct,0.12,0.4,0.3,0.598,1191
Sul,alvo_iv_terceiros,escol_sem_fundamental_pct,-0.7,0.2,-3.5,0.598,1191
Sul,alvo_iv_terceiros,escol_superior_pct,-0.71,0.3,-2.4,0.598,1191
Sul,alvo_iv_terceiros,mulheres_pct,-3.84,0.96,-4.0,0.598,1191
Sul,alvo_iv_terceiros,log_aptos,2.14,0.32,6.8,0.598,1191
