IBGE,municipio,uf,NR_ZONA,aptos26,bolso22,flavio26,flavio_menos_jair,swing,abst22,abst26,terceiros26,renan26,caiado26,cury26,idade_16_24,idade_70mais,escol_superior,mulheres
2210300,São Julião,PI,40,5605,27.46,20.77,-6.69,14.48,16.93,15.49,3.72,0.8,0.69,2.14,0.1485,0.1228,0.0746,0.5084
5214101,Mutunópolis,GO,88,3622,54.36,49.36,-5.0,-7.02,22.87,20.04,21.41,0.57,20.34,0.46,0.1281,0.1173,0.0452,0.4948
5203939,Buriti De Goiás,GO,34,3494,61.17,56.29,-4.88,-3.19,20.43,21.61,19.28,1.09,17.26,0.68,0.1036,0.1258,0.097,0.4999
5214705,Nova América,GO,76,2769,50.76,46.87,-3.89,-11.25,16.8,17.01,24.68,0.77,23.0,0.77,0.1132,0.12,0.089,0.5056
5200159,Adelândia,GO,34,2963,65.81,62.07,-3.74,-1.6,20.19,20.28,15.1,0.35,13.88,0.74,0.1,0.1222,0.0905,0.483
5220157,São Luiz Do Norte,GO,39,5107,42.75,39.03,-3.72,-4.17,23.43,24.24,17.38,0.85,15.84,0.67,0.12440000000000001,0.0897,0.0719,0.4886
2915403,Itaju Do Colônia,BA,137,6225,37.9,34.36,-3.54,8.83,26.12,24.67,2.6,0.84,0.77,0.9,0.1772,0.094,0.0598,0.4849
5212055,Jesúpolis,GO,17,2726,57.04,53.94,-3.1,-6.82,22.52,25.42,18.81,0.56,17.44,0.81,0.1239,0.1448,0.0689,0.484
2923902,Pau Brasil,BA,133,7547,37.88,34.8,-3.08,8.61,26.09,19.09,2.42,0.58,0.71,1.09,0.158,0.1073,0.0325,0.5015
5213855,Morro Agudo De Goiás,GO,77,3067,56.71,54.06,-2.65,-6.04,16.89,17.64,17.36,0.45,16.06,0.77,0.10790000000000001,0.1177,0.0871,0.4982
5300108,Brasília,DF,14,113823,42.55,39.92,-2.63,8.34,16.09,17.67,10.23,2.65,4.16,2.34,0.0839,0.1278,0.582,0.5419
5212501,Luziânia,GO,19,136763,53.89,51.35,-2.54,-4.32,20.53,21.8,17.43,1.31,14.91,1.05,0.148,0.0649,0.0866,0.5361
5203609,Brazabrantes,GO,101,3891,49.75,47.54,-2.21,-5.47,23.17,22.87,17.24,1.11,14.91,0.9,0.1231,0.1151,0.0642,0.5039
5300108,Brasília,DF,1,78172,45.79,43.72,-2.07,7.78,17.05,19.23,10.42,2.68,4.51,2.25,0.0706,0.1761,0.5846,0.5494
5208707,Goiânia,GO,1,107203,53.65,51.59,-2.06,0.38,20.94,20.77,15.85,1.74,12.06,1.67,0.07300000000000001,0.1638,0.3996,0.5579
5208707,Goiânia,GO,134,117423,57.78,55.81,-1.97,-4.4,20.98,20.28,18.0,1.62,14.72,1.45,0.11800000000000001,0.0904,0.0918,0.5551
5218706,Rianápolis,GO,72,3946,59.92,57.95,-1.97,-3.88,19.39,20.55,15.11,0.87,13.1,1.1,0.1021,0.1158,0.0816,0.5124
5201306,Anicuns,GO,34,15170,55.35,53.41,-1.94,-6.31,18.74,19.79,16.92,0.99,14.9,0.9,0.10900000000000001,0.1136,0.134,0.522
5208707,Goiânia,GO,2,108897,58.81,56.88,-1.93,-2.46,21.06,20.15,16.66,1.52,13.35,1.54,0.09050000000000001,0.1165,0.1416,0.548
2609501,Nazaré Da Mata,PE,23,25649,34.65,32.78,-1.87,2.7,16.88,17.29,4.91,1.14,1.35,2.18,0.1303,0.0963,0.0785,0.5386
1200427,Rodrigues Alves,AC,4,12185,73.89,72.04,-1.85,4.82,22.86,16.14,4.25,0.78,1.49,1.85,0.23700000000000002,0.0497,0.0643,0.4883
2918555,Jussari,BA,28,4647,32.37,30.6,-1.77,5.93,30.57,21.58,1.85,0.35,0.63,0.81,0.12810000000000002,0.1124,0.0474,0.4987
5208400,Goianápolis,GO,3,10753,67.53,65.77,-1.76,-3.97,21.33,19.73,12.79,0.75,11.14,0.81,0.117,0.097,0.0606,0.5224
5200175,Água Fria De Goiás,GO,131,5099,52.45,50.77,-1.68,-10.18,24.66,23.89,21.95,0.72,20.48,0.59,0.1263,0.1012,0.0779,0.4663
2904704,Buerarema,BA,166,13021,53.37,51.69,-1.68,6.26,25.33,24.05,4.78,1.27,1.65,1.52,0.1229,0.1439,0.0393,0.5225
5300108,Brasília,DF,11,76697,48.83,47.23,-1.6,6.13,15.12,16.81,11.19,2.82,4.78,2.67,0.0757,0.1156,0.5535,0.5426
2611606,Recife,PE,3,114820,40.9,39.37,-1.53,2.38,14.4,16.16,6.22,1.83,1.37,2.76,0.116,0.0901,0.0641,0.5513
5213400,Moiporá,GO,80,2507,53.66,52.14,-1.52,-7.74,22.37,25.61,18.17,0.77,15.92,1.43,0.083,0.1327,0.1216,0.4954
5206305,Cristianópolis,GO,32,4023,60.15,58.67,-1.48,-11.02,24.33,23.84,19.2,0.77,17.87,0.57,0.11850000000000001,0.1294,0.1002,0.5004
5221858,Valparaíso De Goiás,GO,33,99112,50.13,48.77,-1.36,-3.72,18.54,20.09,14.96,2.12,11.07,1.55,0.1678,0.0506,0.1116,0.5442
5208707,Goiânia,GO,127,114054,58.09,56.78,-1.31,-2.57,20.11,19.43,16.65,1.86,12.95,1.56,0.0948,0.1184,0.2547,0.5537
5208707,Goiânia,GO,146,121134,52.29,51.02,-1.27,-3.72,20.73,20.28,16.79,1.8,12.98,1.68,0.124,0.0869,0.1607,0.5457
5218904,Rubiataba,GO,76,15629,61.62,60.36,-1.26,-6.64,20.79,23.07,16.4,0.86,14.61,0.84,0.1091,0.1435,0.1071,0.5232
5221197,Terezópolis De Goiás,GO,3,6829,49.92,48.69,-1.23,-7.44,17.93,19.45,17.37,1.23,15.04,0.98,0.13570000000000002,0.0834,0.0597,0.5182
5200308,Alexânia,GO,87,21974,60.75,59.54,-1.21,-5.28,20.09,21.2,15.82,1.2,13.66,0.84,0.13829999999999998,0.0906,0.1001,0.5159
2611606,Recife,PE,2,108206,41.14,39.95,-1.19,2.51,14.27,16.4,6.36,1.79,1.53,2.69,0.09029999999999999,0.1272,0.1459,0.5521
2929354,São José Da Vitória,BA,166,5258,34.88,33.71,-1.17,4.22,25.53,24.8,4.31,1.05,1.18,1.93,0.1381,0.1157,0.0226,0.4991
2611606,Recife,PE,9,115044,37.96,36.81,-1.15,1.81,13.9,15.25,5.69,1.64,1.29,2.53,0.13040000000000002,0.0799,0.0449,0.549
5208707,Goiânia,GO,147,112146,56.41,55.26,-1.15,-6.13,21.0,19.81,18.03,1.46,14.94,1.44,0.11499999999999999,0.0754,0.0568,0.5441
5208707,Goiânia,GO,135,112227,52.58,51.44,-1.14,-4.82,19.89,19.16,18.21,1.88,14.44,1.64,0.11109999999999999,0.0973,0.1377,0.5436
2611606,Recife,PE,150,109628,38.29,37.16,-1.13,2.06,13.34,14.83,6.13,1.67,1.49,2.57,0.0945,0.1086,0.1175,0.5601
5204854,Campo Limpo De Goiás,GO,144,6772,57.79,56.67,-1.12,-9.95,21.08,21.06,18.09,0.77,16.48,0.68,0.1443,0.0851,0.0506,0.5128
3303609,Paracambi,RJ,70,33690,55.16,54.05,-1.11,1.78,20.98,21.45,7.01,1.98,1.71,2.81,0.0999,0.117,0.0485,0.5278
5205513,Cocalzinho De Goiás,GO,26,17515,53.71,52.6,-1.11,-5.68,22.93,23.52,15.21,1.33,12.66,1.08,0.1348,0.0939,0.0497,0.5071
5205703,Córrego Do Ouro,GO,34,3112,65.64,64.57,-1.07,-6.03,20.48,19.28,14.9,0.57,13.31,0.94,0.09649999999999999,0.1446,0.1122,0.4925
5220280,São Patrício,GO,76,2457,60.2,59.13,-1.07,-5.97,19.39,19.09,15.67,0.58,14.52,0.37,0.1129,0.1271,0.0865,0.4943
2613404,São José Da Coroa Grande,PE,42,17746,39.33,38.27,-1.06,0.83,24.44,24.66,4.05,1.16,1.25,1.52,0.1508,0.0743,0.0508,0.5204
5208707,Goiânia,GO,136,112046,57.88,56.83,-1.05,-4.99,20.49,19.72,17.44,1.87,13.84,1.53,0.1298,0.0842,0.1248,0.55
2611606,Recife,PE,5,116736,36.48,35.52,-0.96,2.34,13.26,14.83,6.4,1.85,1.66,2.47,0.1086,0.1031,0.1892,0.5495
2602902,Cabo De Santo Agostinho,PE,121,102709,29.7,28.75,-0.95,0.6,15.34,17.39,6.04,1.52,1.31,3.01,0.1356,0.0732,0.056,0.5305
5212253,Lagoa Santa,GO,96,1783,54.81,53.88,-0.93,-5.66,28.32,27.76,13.45,0.96,11.29,1.2,0.11739999999999999,0.0861,0.1045,0.5036
1500701,Anajás,PA,90,22636,44.42,43.49,-0.93,3.66,26.67,20.87,7.19,1.8,0.96,4.32,0.2442,0.0586,0.0386,0.4735
2611606,Recife,PE,6,107143,38.51,37.62,-0.89,1.92,13.64,15.42,5.85,1.52,1.55,2.44,0.0891,0.0979,0.1032,0.5466
3304557,Rio De Janeiro,RJ,8,86645,41.65,40.76,-0.89,2.87,24.31,25.71,8.41,2.65,2.37,2.78,0.095,0.1804,0.1003,0.5515
5300108,Brasília,DF,15,169854,52.17,51.29,-0.88,3.07,15.75,17.14,11.07,3.09,4.5,2.77,0.1128,0.089,0.4248,0.5436
2607901,Jaboatão Dos Guararapes,PE,118,132039,41.38,40.51,-0.87,0.79,17.39,19.02,6.32,1.76,1.44,2.89,0.12200000000000001,0.1108,0.0421,0.5405
2611606,Recife,PE,149,113775,45.18,44.34,-0.84,2.44,15.75,17.81,6.93,2.08,1.67,2.72,0.0902,0.132,0.2434,0.5572
5201405,Aparecida De Goiânia,GO,145,116963,54.39,53.56,-0.83,-5.88,20.16,19.67,17.83,1.72,14.12,1.75,0.1158,0.0778,0.1224,0.5456
5300108,Brasília,DF,9,135160,50.72,49.9,-0.82,3.02,17.22,18.7,10.73,2.79,4.46,2.79,0.1055,0.1032,0.3044,0.5528
2609600,Olinda,PE,100,101598,39.2,38.4,-0.8,0.69,12.81,14.45,5.75,1.58,1.46,2.49,0.1196,0.075,0.0523,0.5502
5300108,Brasília,DF,10,123572,55.06,54.26,-0.8,1.97,16.96,18.58,10.66,2.87,4.63,2.62,0.1248,0.0841,0.2049,0.5417
5208707,Goiânia,GO,133,114131,57.41,56.62,-0.79,-2.3,19.57,19.41,16.21,1.87,12.39,1.59,0.0877,0.1339,0.3809,0.5579
5213509,Monte Alegre De Goiás,GO,105,5622,26.09,25.34,-0.75,-11.25,24.77,26.75,19.58,0.43,18.21,0.83,0.1547,0.1063,0.0637,0.4959
5219803,São Domingos,GO,47,7284,31.23,30.48,-0.75,-16.09,26.17,26.88,23.47,0.56,22.41,0.4,0.136,0.1292,0.065,0.4834
1100106,Guajará-Mirim,RO,1,28928,59.14,58.39,-0.75,3.04,25.6,24.25,5.13,1.71,1.38,1.8,0.15500000000000003,0.082,0.0795,0.5139
2600401,Água Preta,PE,38,20198,23.95,23.22,-0.73,0.71,32.61,22.53,3.66,1.11,0.94,1.52,0.1583,0.0772,0.0463,0.5284
2610707,Paulista,PE,146,78545,39.23,38.55,-0.68,0.63,15.6,17.82,6.62,2.05,1.31,2.95,0.1267,0.0891,0.1396,0.5532
5215009,Nova Veneza,GO,54,8553,50.78,50.14,-0.64,-7.95,21.5,22.71,16.92,1.17,14.47,1.13,0.1195,0.1234,0.0891,0.5072
5221403,Trindade,GO,49,95914,49.79,49.16,-0.63,-9.14,22.01,21.92,19.55,1.36,16.66,1.37,0.1301,0.0829,0.0767,0.5389
2607901,Jaboatão Dos Guararapes,PE,11,116346,36.33,35.71,-0.62,0.23,18.45,20.48,6.34,1.7,1.42,2.96,0.1183,0.1111,0.0415,0.5342
3304557,Rio De Janeiro,RJ,16,119021,29.51,28.9,-0.61,5.06,26.21,26.73,6.93,1.92,2.16,1.96,0.06420000000000001,0.2322,0.2875,0.5607
2915353,Itaguaçu Da Bahia,BA,68,10842,13.29,12.68,-0.61,2.25,23.1,18.44,1.83,0.64,0.36,0.79,0.1457,0.0949,0.0327,0.4983
3304557,Rio De Janeiro,RJ,7,107301,36.98,36.38,-0.6,4.83,25.43,26.42,8.46,2.62,2.47,2.44,0.0669,0.2403,0.3043,0.5682
3304557,Rio De Janeiro,RJ,229,109501,36.42,35.85,-0.57,4.0,25.65,26.55,8.15,2.45,2.36,2.48,0.0783,0.2139,0.2019,0.5563
5300108,Brasília,DF,17,128410,51.96,51.39,-0.57,0.86,18.11,19.04,10.56,2.34,5.46,2.37,0.1111,0.0912,0.1632,0.5393
3304557,Rio De Janeiro,RJ,204,112832,36.36,35.81,-0.55,2.73,27.89,29.28,7.4,2.23,2.18,2.32,0.08700000000000001,0.1909,0.0959,0.5162
2607901,Jaboatão Dos Guararapes,PE,147,125620,40.08,39.54,-0.54,-0.32,19.79,21.7,6.46,1.89,1.43,2.9,0.1207,0.1131,0.0377,0.5418
2611606,Recife,PE,4,109797,34.13,33.59,-0.54,1.6,14.56,15.98,5.68,1.66,1.4,2.28,0.0997,0.1205,0.1837,0.553
5205802,Corumbá De Goiás,GO,26,7930,51.85,51.33,-0.52,-6.9,23.23,23.13,16.46,1.06,13.87,1.45,0.1126,0.1319,0.086,0.4977
5219753,Santo Antônio Do Descoberto,GO,24,46706,50.08,49.56,-0.52,-4.12,21.0,22.08,13.86,1.81,10.09,1.79,0.1702,0.0617,0.0549,0.5265
2610707,Paulista,PE,12,73902,36.42,35.9,-0.52,0.13,13.0,14.5,6.44,1.77,1.41,3.0,0.11230000000000001,0.0998,0.0854,0.5472
2611606,Recife,PE,1,116648,43.96,43.45,-0.51,1.76,16.04,18.35,6.98,2.06,1.75,2.65,0.1058,0.1348,0.2728,0.5582
2609600,Olinda,PE,117,101564,34.75,34.25,-0.5,0.27,12.7,14.76,5.88,1.71,1.4,2.51,0.1153,0.0901,0.0958,0.5503
2608503,Lagoa De Itaenga,PE,135,18474,29.32,28.84,-0.48,0.83,20.4,16.53,4.93,0.98,1.52,2.25,0.1483,0.094,0.048,0.5303
3304557,Rio De Janeiro,RJ,214,131225,41.08,40.6,-0.48,3.2,25.95,27.14,8.45,2.66,2.5,2.57,0.0809,0.214,0.1718,0.5595
2603454,Camaragibe,PE,127,73713,40.24,39.8,-0.44,0.02,13.28,15.37,6.69,1.73,1.49,3.22,0.1245,0.0784,0.0713,0.5431
1504000,Limoeiro Do Ajuru,PA,88,22959,23.79,23.36,-0.43,4.67,16.83,14.76,2.81,0.76,0.37,1.62,0.2055,0.055,0.0489,0.4812
2412302,São José Do Campestre,RN,15,10539,30.81,30.41,-0.4,1.55,18.48,18.57,3.37,0.92,0.47,1.86,0.1416,0.1072,0.0524,0.5224
1200401,Rio Branco,AC,1,136433,64.11,63.74,-0.37,1.54,21.56,20.76,8.72,2.25,2.53,3.51,0.15530000000000002,0.0851,0.1303,0.5362
3304557,Rio De Janeiro,RJ,4,119953,32.51,32.14,-0.37,5.42,26.17,26.73,8.64,2.64,2.65,2.1,0.0621,0.2593,0.397,0.5636
5300108,Brasília,DF,19,110330,56.15,55.79,-0.36,1.19,16.41,17.69,10.44,2.92,4.42,2.63,0.1216,0.0993,0.2732,0.5422
2609600,Olinda,PE,10,98781,37.69,37.39,-0.3,1.32,13.95,15.99,6.68,2.03,1.62,2.69,0.1,0.1282,0.2441,0.5583
2803609,Laranjeiras,SE,13,22132,28.94,28.66,-0.28,1.64,20.01,17.82,5.7,1.25,1.88,2.34,0.1513,0.0686,0.0347,0.5247
5300108,Brasília,DF,3,69831,54.69,54.41,-0.28,1.35,15.7,17.56,10.5,2.57,4.96,2.48,0.0975,0.1204,0.2014,0.5483
5201108,Anápolis,GO,144,101237,65.58,65.31,-0.27,-5.4,22.76,21.82,14.95,1.78,11.44,1.51,0.123,0.1006,0.129,0.5396
2611606,Recife,PE,8,107776,39.25,38.99,-0.26,2.74,13.08,14.81,7.01,1.95,2.02,2.45,0.0741,0.1529,0.3804,0.5563
5205497,Cidade Ocidental,GO,42,49714,47.19,46.93,-0.26,-5.62,18.89,21.44,14.76,1.82,11.4,1.36,0.1639,0.0565,0.0842,0.5488
2602902,Cabo De Santo Agostinho,PE,15,69431,27.36,27.13,-0.23,-0.75,14.53,15.69,5.87,1.57,1.2,2.93,0.1235,0.082,0.0561,0.5311
2932705,Uruçuca,BA,198,18222,35.04,34.81,-0.23,1.54,26.14,23.61,3.8,1.05,0.98,1.66,0.1419,0.0902,0.0661,0.5097
2505501,Vista Serrana,PB,51,3470,20.48,20.25,-0.23,2.22,23.42,22.39,4.58,1.59,0.74,2.22,0.15519999999999998,0.1005,0.0435,0.4987
5220454,Senador Canedo,GO,40,95243,48.62,48.4,-0.22,-8.44,20.61,21.36,17.45,1.54,14.19,1.54,0.1484,0.0504,0.0663,0.5347
3106200,Belo Horizonte,MG,33,96387,47.39,47.18,-0.21,2.81,25.27,26.44,10.35,2.62,2.67,2.72,0.0675,0.2425,0.4468,0.5554
5300108,Brasília,DF,13,141236,56.08,55.88,-0.2,0.59,17.47,18.82,10.88,2.59,5.09,2.8,0.1293,0.0639,0.1095,0.5425
5300108,Brasília,DF,5,133497,51.35,51.15,-0.2,1.46,17.33,18.85,10.34,2.76,4.4,2.64,0.1181,0.0911,0.2072,0.5398
2601409,Barreiros,PE,42,30474,32.74,32.55,-0.19,-0.07,23.79,22.68,4.21,1.15,0.96,1.97,0.146,0.0838,0.0453,0.5376
2610707,Paulista,PE,114,84739,37.72,37.54,-0.18,-0.41,14.33,15.69,6.65,1.95,1.44,2.97,0.11710000000000001,0.0947,0.0873,0.5526
2611606,Recife,PE,7,110834,35.54,35.37,-0.17,1.26,13.58,15.36,6.42,1.77,1.6,2.6,0.1033,0.1226,0.2424,0.5597
5200605,Alto Paraíso De Goiás,GO,143,7682,34.07,33.9,-0.17,-6.63,23.73,27.05,13.52,1.08,10.15,1.85,0.11,0.0758,0.2242,0.5415
1300060,Amaturá,AM,22,7522,21.73,21.56,-0.17,2.89,20.5,15.33,2.7,0.54,1.01,1.09,0.2405,0.0583,0.0533,0.4878
1200401,Rio Branco,AC,9,133741,63.95,63.78,-0.17,0.95,20.36,19.66,9.2,2.4,2.44,3.98,0.1549,0.0678,0.1308,0.5412
5300108,Brasília,DF,4,101858,52.58,52.41,-0.17,-0.17,18.3,20.34,11.42,2.41,6.21,2.43,0.1325,0.0632,0.0872,0.5321
2805307,Pirambu,SE,11,8575,24.09,23.93,-0.16,0.17,23.99,22.6,6.55,1.31,2.31,2.64,0.1519,0.0869,0.0564,0.5001
3304557,Rio De Janeiro,RJ,216,84219,44.46,44.3,-0.16,1.98,24.02,25.16,8.47,2.67,2.4,2.72,0.08990000000000001,0.1873,0.1366,0.5557
2804805,Nossa Senhora Do Socorro,SE,34,123924,36.73,36.59,-0.14,0.73,15.53,15.35,8.15,2.03,2.04,3.76,0.1505,0.0546,0.0294,0.543
2902054,Araçás,BA,200,10800,15.9,15.77,-0.13,1.49,20.67,23.46,3.3,1.07,0.7,1.39,0.1464,0.0683,0.0332,0.5203
3304557,Rio De Janeiro,RJ,169,88113,39.65,39.52,-0.13,0.77,24.46,27.39,7.85,2.33,2.31,2.68,0.10350000000000001,0.1532,0.0498,0.548
3304557,Rio De Janeiro,RJ,170,130542,36.51,36.4,-0.11,3.62,24.3,26.46,8.06,2.49,2.36,2.34,0.0716,0.2261,0.2493,0.5586
2613701,São Lourenço Da Mata,PE,13,83623,34.35,34.24,-0.11,-0.68,13.37,15.75,6.06,1.69,1.37,2.78,0.1298,0.0699,0.063,0.5386
5201405,Aparecida De Goiânia,GO,119,119704,49.53,49.42,-0.11,-8.79,21.67,21.76,17.92,1.66,14.51,1.57,0.1314,0.0628,0.0515,0.5425
2800308,Aracaju,SE,1,140403,36.24,36.14,-0.1,1.33,16.94,16.7,8.57,2.1,2.35,3.74,0.1211,0.0835,0.0519,0.5513
2803203,Itaporanga D'Ajuda,SE,31,29786,26.52,26.44,-0.08,0.22,19.87,19.2,6.69,1.09,2.26,3.11,0.1448,0.085,0.0315,0.5179
2916401,Itapetinga,BA,140,48314,42.6,42.53,-0.07,1.13,22.35,19.92,4.77,1.37,1.05,2.11,0.1407,0.095,0.0831,0.5298
4126678,Tamarana,PR,146,9024,55.11,55.05,-0.06,0.84,22.22,25.03,6.58,1.31,2.05,2.73,0.1279,0.111,0.0516,0.5051
2607901,Jaboatão Dos Guararapes,PE,101,124550,42.55,42.51,-0.04,-0.4,20.35,21.88,7.26,2.32,1.42,3.13,0.11950000000000001,0.1107,0.1612,0.5538
3304557,Rio De Janeiro,RJ,5,117499,39.17,39.14,-0.03,4.37,31.04,31.85,7.8,2.18,2.54,2.16,0.048799999999999996,0.3045,0.3653,0.5771
1501402,Belém,PA,76,86500,46.92,46.9,-0.02,3.57,15.46,16.7,8.11,2.47,1.86,3.2,0.09340000000000001,0.1483,0.3655,0.551
5300108,Brasília,DF,8,136618,52.47,52.45,-0.02,0.56,19.24,19.61,10.03,2.24,4.89,2.54,0.1083,0.088,0.104,0.5434
1506302,Salvaterra,PA,3,20320,25.63,25.62,-0.01,3.16,21.35,18.3,4.0,1.1,0.89,1.85,0.1599,0.0756,0.0501,0.5082
2614204,Sirinhaém,PE,26,28560,31.02,31.01,-0.01,-1.3,21.54,20.85,4.76,1.02,1.13,2.48,0.1455,0.0708,0.0288,0.5127
2611804,Ribeirão,PE,28,28323,28.05,28.04,-0.01,-0.67,20.6,21.63,4.27,0.98,1.22,1.97,0.1334,0.0966,0.0553,0.5331
