uf,aptos26,comp26,ausentes26,votos_lula26,votos_flavio26,gap26,votos_terceiros26,brancos_nulos26,reserva26,ausentes_excesso,votos_caiado26,votos_renan26,votos_cury26,votos_zema26,votos_outros26,municipios,abst26,lula2p26,gov_2t_uf,lula2p22_t1,lula2p22_t2,d_lula2p_22,reserva_sobre_gap_nacional
AC,613742.0,488330.0,125412.0,134770.0,302807.0,-168037.0,31489.0,19264.0,176165.0,2962.0,8594.0,7980.0,13523.0,573.0,819.0,22.0,20.43,30.8,True,31.89,29.7,-2.19,0.0787
AL,2442126.0,1938428.0,503698.0,995459.0,735718.0,259741.0,87679.0,119572.0,710949.0,25090.0,14198.0,26851.0,42427.0,1168.0,3035.0,102.0,20.63,57.5,False,61.05,58.68,-2.37,0.3176
AM,2798611.0,2234549.0,564062.0,1046996.0,976764.0,70232.0,147003.0,63786.0,774851.0,39495.0,28310.0,35411.0,77531.0,1781.0,3970.0,62.0,20.16,51.74,True,53.67,51.1,-2.57,0.3462
AP,576988.0,476562.0,100426.0,212503.0,212278.0,225.0,40077.0,11704.0,152207.0,3988.0,8304.0,11342.0,19057.0,341.0,1033.0,16.0,17.41,50.03,False,51.27,48.64,-2.63,0.068
BA,11312752.0,9053601.0,2259151.0,5664771.0,2442585.0,3222186.0,452935.0,493310.0,3205396.0,64404.0,122705.0,117518.0,195451.0,6497.0,10764.0,417.0,19.97,69.87,False,74.15,72.12,-2.03,1.432
CE,6996545.0,5910471.0,1086074.0,3555263.0,1756850.0,1798413.0,305701.0,292657.0,1684432.0,4086.0,45604.0,107587.0,140524.0,4310.0,7676.0,184.0,15.52,66.93,False,72.2,69.97,-2.23,0.7525
DF,2258320.0,1831396.0,426924.0,675627.0,909616.0,-233989.0,187565.0,58588.0,673077.0,0.0,85076.0,46714.0,45979.0,4915.0,4881.0,1.0,18.9,42.62,True,41.64,41.19,-0.45,0.3007
ES,2991650.0,2352282.0,639368.0,850028.0,1233194.0,-383166.0,167856.0,101204.0,908428.0,40512.0,39097.0,53236.0,65121.0,5873.0,4529.0,78.0,21.37,40.8,True,43.62,41.96,-1.66,0.4058
GO,5080590.0,3971587.0,1109003.0,1188880.0,2051888.0,-863008.0,587055.0,143764.0,1839822.0,67237.0,472041.0,54105.0,53849.0,2672.0,4388.0,246.0,21.83,36.69,False,43.1,41.29,-1.81,0.8219
MA,5183115.0,4160343.0,1022772.0,2566301.0,1239040.0,1327261.0,205098.0,149904.0,1377774.0,44161.0,50155.0,60387.0,84830.0,4584.0,5142.0,217.0,19.73,67.44,False,72.57,71.14,-1.43,0.6155
MG,16372372.0,12637274.0,3735098.0,5188936.0,5777548.0,-588612.0,1009751.0,661039.0,5405888.0,420980.0,230423.0,247209.0,409737.0,98407.0,23975.0,853.0,22.81,47.32,False,52.55,50.2,-2.35,2.415
MS,2024430.0,1541220.0,483210.0,516855.0,873351.0,-356496.0,100072.0,50942.0,634224.0,68041.0,23291.0,31847.0,39148.0,2792.0,2994.0,79.0,23.87,37.18,False,42.55,40.51,-2.04,0.2833
MT,2637801.0,2052133.0,585668.0,581681.0,1298581.0,-716900.0,113026.0,58845.0,757539.0,52689.0,33079.0,33170.0,40019.0,2424.0,4334.0,142.0,22.2,30.94,False,36.49,34.92,-1.57,0.3384
PA,6262397.0,5066504.0,1195893.0,2427237.0,2163957.0,263280.0,271978.0,203332.0,1671203.0,36355.0,51991.0,84165.0,125172.0,3064.0,7586.0,144.0,19.1,52.87,False,56.46,54.75,-1.71,0.7466
PB,3248531.0,2683988.0,564543.0,1541127.0,831377.0,709750.0,141243.0,170241.0,876027.0,5982.0,19511.0,42247.0,73831.0,1988.0,3666.0,223.0,17.38,64.96,False,68.43,66.62,-1.81,0.3914
PE,7223450.0,5911062.0,1312388.0,3553971.0,1738043.0,1815928.0,309003.0,310045.0,1931436.0,31157.0,73176.0,85865.0,137960.0,6060.0,5942.0,185.0,18.17,67.16,False,68.57,66.93,-1.64,0.8628
PI,2704758.0,2240883.0,463875.0,1523710.0,517028.0,1006682.0,105656.0,94489.0,664020.0,9544.0,21629.0,32274.0,47692.0,1357.0,2704.0,224.0,17.15,74.66,False,78.86,76.86,-2.0,0.2966
PR,8613657.0,6841457.0,1772200.0,2054597.0,3945345.0,-1890748.0,585301.0,256214.0,2613715.0,58003.0,171294.0,177434.0,205095.0,17172.0,14306.0,399.0,20.57,34.24,False,39.44,37.6,-1.84,1.1676
RJ,12857648.0,9859802.0,2997846.0,3693021.0,4966844.0,-1273823.0,709835.0,490102.0,4197783.0,365654.0,199844.0,211843.0,247397.0,21907.0,28844.0,92.0,23.32,42.65,True,44.33,43.48,-0.85,1.8753
RN,2659825.0,2171013.0,488812.0,1237963.0,720493.0,517470.0,113442.0,99115.0,701369.0,2358.0,16407.0,35261.0,57367.0,1525.0,2882.0,167.0,18.38,63.21,True,67.0,65.1,-1.9,0.3133
RO,1265893.0,991080.0,274813.0,250667.0,652988.0,-402321.0,64404.0,23021.0,362238.0,16077.0,16929.0,19187.0,25280.0,1318.0,1690.0,52.0,21.71,27.74,False,31.05,29.34,-1.71,0.1618
RR,401521.0,332772.0,68749.0,74420.0,231322.0,-156902.0,19803.0,7227.0,95779.0,0.0,3639.0,6623.0,8579.0,337.0,625.0,15.0,17.12,24.34,False,24.88,23.92,-0.96,0.0428
RS,8522545.0,6702903.0,1819642.0,2294759.0,3573783.0,-1279024.0,554504.0,279857.0,2654003.0,157519.0,158821.0,167558.0,195296.0,18988.0,13841.0,497.0,21.35,39.1,False,46.38,43.65,-2.73,1.1856
SC,5734651.0,4648159.0,1086492.0,1127168.0,3000020.0,-1872852.0,373709.0,147262.0,1607463.0,19036.0,79911.0,132795.0,134273.0,16718.0,10012.0,295.0,18.95,27.31,False,32.19,30.73,-1.46,0.7181
SE,1740135.0,1439082.0,301053.0,856019.0,417839.0,438180.0,90338.0,74886.0,466277.0,2743.0,26651.0,21405.0,38895.0,1158.0,2229.0,75.0,17.3,67.2,False,68.64,67.21,-1.43,0.2083
SP,34122892.0,26431992.0,7690900.0,9505413.0,12922023.0,-3416610.0,2455512.0,1549044.0,11695456.0,675369.0,579571.0,804310.0,892368.0,94635.0,84628.0,645.0,22.54,42.38,False,46.15,44.76,-1.39,5.2248
TO,1182023.0,965196.0,216827.0,404009.0,469321.0,-65312.0,57117.0,34749.0,308693.0,2215.0,20189.0,12983.0,22434.0,595.0,916.0,139.0,18.34,46.26,True,53.39,51.36,-2.03,0.1379
