IBGE,municipio,uf,prefeito_2024_nome,partido_prefeito_sigla,prefeito,prefeito_partido,prefeito_eleicao_suplementar,confere
1200302,Feijó,AC,Delegado Railson,REPUBLICANOS,Delegado Railson,REPUBLICANOS,False,True
2706307,Palmeira Dos Índios,AL,Tia Júlia,MDB,Tia Julia,MDB,False,True
2709301,União Dos Palmares,AL,Júnior Menezes,MDB,Júnior Menezes,MDB,False,True
2706703,Penedo,AL,Ronaldo Lopes,MDB,Ronaldo Lopes,MDB,False,True
2702405,Delmiro Gouveia,AL,Ziane Costa,MDB,Ziane Costa,MDB,False,True
2700409,Atalaia,AL,Ceci,MDB,Ceci,MDB,False,True
2709152,Teotônio Vilela,AL,Peu Pereira,PP,Peu Pereira,PP,False,True
2701407,Campo Alegre,AL,Pauline Pereira,PP,Pauline Pereira,PP,False,True
2707404,Porto De Pedras,AL,Allan de Jesus,MDB,Allan De Jesus,MDB,False,True
2708709,São Miguel Dos Milagres,AL,Jadson Lessa,MDB,Jadson Lessa,MDB,False,True
1302504,Manacapuru,AM,Valcileia Maciel,MDB,Valcileia Maciel,MDB,False,True
1301902,Itacoatiara,AM,Mário Abrahim,REPUBLICANOS,Mário Abrahim,REPUBLICANOS,False,True
1303403,Parintins,AM,Mateus Assayag,PSD,Mateus Assayag,PSD,False,True
1301209,Coari,AM,Adail Pinheiro,REPUBLICANOS,Adail Pinheiro,REPUBLICANOS,False,True
1304062,Tabatinga,AM,Plínio Souza da Cruz (Plínio Cruz),REPUBLICANOS,Plinio Cruz,REPUBLICANOS,False,True
1302900,Maués,AM,Macelly Veras,PDT,Macelly Veras,PDT,False,True
1301704,Humaitá,AM,Dedei Lobo,UNIÃO,Dedei Lobo,UNIÃO,False,True
1303809,São Gabriel Da Cachoeira,AM,Egmar Curubinha,PT,Egmar Curubinha,PT,False,True
1300300,Autazes,AM,Thomé Neto,PP,Thomé Neto,PP,False,True
1302405,Lábrea,AM,Gerlando Lopes,PL,Gerlando Lopes,PL,False,True
1301100,Careiro,AM,Mara Alves,REPUBLICANOS,Mara Alves,REPUBLICANOS,False,True
1301407,Eirunepé,AM,Professora Áurea,MDB,Professora Áurea,MDB,False,True
1300144,Apuí,AM,Marquinhos Macil (Antonio Marcos Maciel Fernandes),MDB,Marquinhos Macil,MDB,False,True
1300904,Canutama,AM,José Roberto Torres de Pontes (Zé Roberto),UNIÃO,Zé Roberto,UNIÃO,False,True
1600279,Laranjal Do Jari,AP,Marcel Jandson Menezes (Teddy),UNIÃO,Teddy,UNIÃO,False,True
2919207,Lauro De Freitas,BA,Débora Régis,UNIÃO,Débora Regis Debinha,UNIÃO,False,True
2900702,Alagoinhas,BA,Gustavo Carmo,PSD,Gustavo Carmo,PSD,False,True
2924009,Paulo Afonso,BA,Mário Galinho,PSD,Mario Galinho,PSD,False,True
2906501,Candeias,BA,Eriton Ramos,PP,Eriton Ramos,PP,False,True
2910057,Dias D'Ávila,BA,Alberto Castro,PSDB,Alberto Castro,PSDB,False,True
2914000,Ipirá,BA,Thiago do Vale,PSD,Thiago Do Vale,PSD,False,True
2928604,Santo Amaro,BA,Flaviano (Flaviano Rohrs da Silva Bonfim),UNIÃO,Flaviano,UNIÃO,False,True
2921005,Mata De São João,BA,Bira da Barraca,UNIÃO,Bira Da Barraca,UNIÃO,False,True
2902104,Araci,BA,Keinha,PDT,Keinha,PDT,False,True
2925105,Poções,BA,Dona Nilda,PC do B,Dona Nilda,PC do B,False,True
2902708,Barra,BA,Romeu Junior,PT,Romeu Junior,PT,False,True
2917607,Jaguaquara,BA,Edione Oliveira (Edione Agostinone),PT,Edione Agostinone,PT,False,True
2933604,Xique-Xique,BA,Renanzinho (Renan Pinto Dantas Braga),MDB,Renanzinho,MDB,False,True
2929206,São Francisco Do Conde,BA,Calmon,PP,Calmon,PP,False,True
2913903,Ipiaú,BA,Laryssa Dias,PP,Laryssa Dias,PP,False,True
2910503,Entre Rios,BA,Manoelito Argolo Junior,SOLIDARIEDADE,Manoelito Argolo  Junior,SOLIDARIEDADE,False,True
2922003,Mucuri,BA,Robertinho,UNIÃO,Robertinho,UNIÃO,False,True
2927705,Santa Cruz Cabrália,BA,Girlei Lima,PDT,Girlei,PDT,False,True
2906303,Canavieiras,BA,Paulo Carvalho,AVANTE,Paulo Carvalho,AVANTE,False,True
2308500,Mombaça,CE,Orlando Filho,REPUBLICANOS,Orlando Filho,REPUBLICANOS,False,True
2305902,Ipueiras,CE,Júnior do Titico (Francisco Souto de Vasconcelos Júnior),REPUBLICANOS,Júnior Do Titico,REPUBLICANOS,False,True
2310308,Parambu,CE,Rômulo Noronha,SOLIDARIEDADE,Romulo Noronha,SOLIDARIEDADE,False,True
3201605,Conceição Da Barra,ES,Erivan Tavares (José Erivan Tavares Moraes),PSB,Erivan Tavares,PSB,False,True
5218805,Rio Verde,GO,Wellington Carrijo,MDB,Wellington Carrijo,MDB,False,True
5205109,Catalão,GO,Velomar Rios,MDB,Velomar Rios,MDB,False,True
5218508,Quirinópolis,GO,Anderson de Paula (Lorenção),PDT,Anderson De Paula,PDT,False,True
5219308,Santa Helena De Goiás,GO,Iris Parreira,MDB,Iris Parreira,MDB,False,True
5218300,Posse,GO,Paulo Cezar Krauspenhar,PL,Paulo Trabalho,PL,False,True
5203500,Bom Jesus,GO,Daniel Júnior,PL,Daniel Júnior,PL,False,True
5220603,Silvânia,GO,Carlão,UNIÃO,Carlão,UNIÃO,False,True
5200134,Acreúna,GO,Claudiomar Portugal,PP,Claudiomar Portugal,PP,False,True
5210901,Itapaci,GO,Dr. Fábio,MDB,Dr Fabio,MDB,False,True
5217708,Pontalina,GO,Edson Guimarães,MDB,Edson Guimarães,MDB,False,True
5220405,São Simão,GO,Dr. Wallisson,PODE,Dr Wallisson,PODE,False,True
5215306,Orizona,GO,Felipe Dias (Felipe Antônio Dias),MDB,Felipe Dias,MDB,False,True
5215504,Ouvidor,GO,Cebinha,PODE,Cebinha,PODE,False,True
2103307,Codó,MA,Chiquinho FC,PT,Chiquinho Fc,PT,False,True
2101400,Balsas,MA,Alan da Marissol,PRD,Alan Da Marissol,PRD,False,True
2108603,Pinheiro,MA,André da Ralpnet,PODE,Andre Da Ralpnet,PODE,False,True
2105401,Itapecuru Mirim,MA,Fillipe Marreca (Luís Fillipe Torres Filgueira),PRD,Fillipe Marreca,PRD,False,True
2103604,Coroatá,MA,Edimar Vaqueiro,PSB,Edimar Vaqueiro,PSB,False,True
2110005,Santa Luzia,MA,Juscelino Marreca,PRD,Juscelino Marreca,PRD,False,True
2112506,Tutóia,MA,Diringa Viriato Cardoso,PL,Viriato Cardoso,PL,False,True
2102325,Buriticupu,MA,João Carlos,PP,João Carlos,PP,False,True
2112803,Viana,MA,Carrinho Cidreira,PL,Carrinho Cidreira,PL,False,True
2103406,Coelho Neto,MA,Bruno Silva,PP,Bruno Silva,PP,False,True
2114007,Zé Doca,MA,Flavinha Cunha,PL,Flavinha Cunha,PL,False,True
2112704,Vargem Grande,MA,Preto,PP,Preto,PP,False,True
2111508,São Mateus Do Maranhão,MA,Miltinho Aragão,PSB,Miltinho Aragão,PSB,False,True
2110500,São Bento,MA,Dino Penha,MDB,Dino Penha,MDB,False,True
2108306,Penalva,MA,Henrique Guerra,PP,Guerra,PP,False,True
2105427,Itinga Do Maranhão,MA,Paula do Quininha (Paula Aguiar),PP,Paula Do Quininha,PP,False,True
3140001,Mariana,MG,Juliano Duarte (Juliano Vasconcelos Gonçalves),PSB,Juliano Duarte,PSB,False,True
3115300,Cataguases,MG,José Inácio Peixoto Parreiras Henriques (José Henriques),MDB,José Henriques,MDB,False,True
3135209,Januária,MG,Maurício Almeida (Maurício Almeida do Nascimento),PODE,Maurício Almeida,PODE,False,True
3131901,Itabirito,MG,Elio da Mata Santos (Dr. Elio da Mata),CIDADANIA,Dr. Elio Da Mata,CIDADANIA,False,True
3152105,Ponte Nova,MG,Milton Teodoro Irias Junior ('Dr Milton'),AVANTE,Dr Milton,AVANTE,False,True
3138401,Leopoldina,MG,Pedro Augusto (Pedro Augusto Junqueira Ferraz),PL,Pedro Augusto,PL,False,True
3136306,João Pinheiro,MG,Gláucon Cardoso (Gláucon Cézar Cardoso),NOVO,Gláucon Cardoso,NOVO,False,True
3121605,Diamantina,MG,Geferson Giordani Burgarelli (Paquito),MDB,Paquito,MDB,False,True
3143104,Monte Carmelo,MG,Ricardo Ferreira (Ricardo Engenheiro),PSD,Ricardo Engenheiro,PSD,False,True
3107307,Bocaiúva,MG,Roberto Jairo Torres (Robertão),AVANTE,Robertão,AVANTE,False,True
3107109,Boa Esperança,MG,Aroldo Rosa de Medeiros Júnior (Aroldo Medeiros),AVANTE,Aroldo Medeiros,AVANTE,False,True
3152204,Porteirinha,MG,Silvanei Batista Santos ('Silvanei Batista'),PSB,Silvanei Batista,PSB,False,True
3101706,Almenara,MG,Eduardo Oliveira Brasileiro (Eduardo Brasileiro),PT,Eduardo Brasileiro,PT,False,True
3112307,Capelinha,MG,Jonas Barreiros dos Santos (Jonas Barreiros),UNIÃO,Jonas Barreiros,UNIÃO,False,True
3134400,Iturama,MG,José Herculano Pereira dos Santos (Dr. Herculano),REPUBLICANOS,Dr Herculano,REPUBLICANOS,False,True
3162104,São Gotardo,MG,Makoto Sekita,PSD,Makoto Sekita,PSD,False,True
3103405,Araçuaí,MG,Tadeu Barbosa de Oliveira (Tadeu),PSD,Tadeu,PSD,False,True
3170800,Várzea Da Palma,MG,Rodrigo Aguiar Dalla Bernardina (Rodrigo Dalla),PODE,Rodrigo Dalla,PODE,False,True
3135050,Jaíba,MG,Jimmy Murça (Jimmy Diogo Silva Murça),PSD,Jimmy Murça,PSD,False,True
3108602,Brasília De Minas,MG,Marcus Vinicius Ferreira Carvalho (Dr. Marcus Vinicius),UNIÃO,Dr. Marcus Vinicius,UNIÃO,False,True
3145307,Novo Cruzeiro,MG,Viviane (Viviane Barbosa Pena),PSD,Viviane,PSD,False,True
3152006,Pompéu,MG,Kenedy Wallafy Souza de Oliveira ('Kenedy Wállafy'),NOVO,Kenedy Wállafy,NOVO,False,True
3141801,Minas Novas,MG,Alessandro (Alessandro Mota Barbosa),REPUBLICANOS,Alessandro,REPUBLICANOS,False,True
3169604,Tupaciguara,MG,Francisco Lourenço Borges Neto (Neto),PSDB,Neto,PSDB,False,True
3117306,Conceição Das Alagoas,MG,Celson Pires de Oliveira,MDB,Celson Pires,MDB,False,True
3114204,Carmo Do Cajuru,MG,Vinicius Alves Camargos (Vinicius Camargos),PP,Vinicius Camargos,PP,False,True
3133501,Itapecerica,MG,Gleytinho do Valério (Gleyton Luiz Pereira),PP,Gleytinho Do Valério,PP,False,True
3129509,Ibiá,MG,Gillianno Mamão (Gilliann Gilles Ferreira),PSD,Gillianno Mamão,PSD,False,True
3153400,Presidente Olegário,MG,Rhenys Cambraia,REPUBLICANOS,Rhenys Cambraia,REPUBLICANOS,False,True
3142809,Monte Alegre De Minas,MG,Rodrigo de Alvim Mendonça (Rodrigo Alvim),PSD,Rodrigo Alvim,PSD,False,True
3114501,Carmópolis De Minas,MG,Celio Roberto Azevedo (Celinho da Saúde),UNIÃO,Celinho Da Saúde,UNIÃO,False,True
3145000,Nova Ponte,MG,Zé Divino (José Divino da Silva),PP,Zé Divino,PP,False,True
3151701,Poço Fundo,MG,Rosiel de Lima,PT,Rosiel,PT,False,True
3146909,Papagaios,MG,Rislaine de Faria Cançado,AVANTE,Rislaine,AVANTE,False,True
3112604,Capinópolis,MG,Luciano Batista Belchior (Luciano Belchior),MDB,Luciano Belchior,MDB,False,True
3155504,Rio Paranaíba,MG,Alvimar Adriano Alves ('Adriano'),PL,Adriano,PL,False,True
3143005,Monte Belo,MG,Kleber Antonio Ferreira Boneli,AVANTE,Klebinho,AVANTE,False,True
3137403,Lagoa Dourada,MG,Ismar (Ismar José de Melo),MDB,Ismar,MDB,False,True
3107901,Bom Repouso,MG,Edmilson Andrade (Edmilson do Tião do Roque),REPUBLICANOS,Edmilson Do Tião Do Roque,REPUBLICANOS,False,True
3123007,Dores De Campos,MG,Marcio Antonio Pinheiro (Marcinho do Tica),MDB,Marcinho Do Tica,MDB,False,True
3164605,São Sebastião Do Oeste,MG,Rômulo Roncally Beirigo,REPUBLICANOS,Romulo Beirigo,REPUBLICANOS,False,True
3100104,Abadia Dos Dourados,MG,Ciro Luiz da Silva Junior (Ciro),PSD,Ciro,PSD,False,True
3135308,Japaraíba,MG,Alexandre (Geraldo Alexandre Lopes),MDB,Alexandre,MDB,False,True
5004601,Itaquiraí,MS,Thalles Henrique Tomazelli,PSDB,Thalles Tomazelli,PSDB,False,True
5000203,Água Clara,MS,Gerolina da Silva Alves,PSDB,Gerolina,PSDB,False,True
5106422,Peixoto De Azevedo,MT,Paulistinha,UNIÃO,Paulistinha,UNIÃO,False,True
5107008,Poxoréu,MT,Luciano Hudson Sol da Costa (Luciano Sol),REPUBLICANOS,Luciano Sol,REPUBLICANOS,False,True
5107701,Rosário Oeste,MT,Mariano Balabam,PSB,Mariano Balabam,PSB,False,True
5106232,Nova Olímpia,MT,Ari Cândido Batista (Arizão),PL,Ari Candido Batista,PL,False,True
1503606,Itaituba,PA,Nicodemos Aguiar,MDB,Nicodemos Aguiar,MDB,False,True
1507953,Tailândia,PA,Lauro,MDB,Lauro,MDB,False,True
1508001,Tomé-Açu,PA,Carlos da Vila Nova,MDB,Carlos Da Vila Nova,MDB,False,True
1500404,Alenquer,PA,Tom Silva,MDB,Tom Silva,MDB,False,True
1505809,Portel,PA,Paulo Ferreira,MDB,Paulo Ferreira,MDB,False,True
1503705,Itupiranga,PA,Wagno Godoy,PP,Wagno Godoy,PP,False,True
1501782,Breu Branco,PA,Flavio Mezzomo,MDB,Flavio Mezzomo,MDB,False,True
1502939,Dom Eliseu,PA,Silon,UNIÃO,Silon,UNIÃO,False,True
1505486,Pacajá,PA,André Rezende,MDB,André Rezende,MDB,False,True
1500859,Anapu,PA,Luiz Carlos do Posto,REPUBLICANOS,Luiz Carlos Do Posto,REPUBLICANOS,False,True
1506195,Rurópolis,PA,Zé Filho da Farmácia,PP,Zé Filho Da Farmácia,PP,False,True
1508126,Ulianópolis,PA,Kelly Destro,MDB,Kelly Destro,MDB,False,True
1501451,Belterra,PA,Prof Ulisses,MDB,Prof Ulisses,MDB,False,True
1508357,Vitória Do Xingu,PA,Márcio Viana,MDB,Márcio Viana,MDB,False,True
1504950,Nova Esperança Do Piriá,PA,Alcineia do Socorro Carmo dos Santos (Alcineia Ferro),MDB,Alcineia Ferro,MDB,False,True
1507805,Senador José Porfírio,PA,Leonaldo,PSD,Leonaldo,PSD,False,True
1505650,Placas,PA,Arthur,MDB,Arthur,MDB,False,True
1506583,Santa Maria Das Barreiras,PA,"José Barbosa de Faria, 'Mussum'",UNIÃO,Mussum,UNIÃO,False,True
1508050,Trairão,PA,Henrique Borges,AVANTE,Henrique Borges,AVANTE,False,True
1500347,Água Azul Do Norte,PA,Vandin,UNIÃO,Vandin,UNIÃO,False,True
2610905,Pesqueira,PE,Cacique Marcos Xukuru (Marcos Luidson de Araújo),REPUBLICANOS,Cacique Marcos,REPUBLICANOS,False,True
2602803,Buíque,PE,Túlio Monteiro,MDB,Túlio Monteiro,MDB,False,True
2610004,Palmares,PE,Junior de Beto (José Bartolomeu de Almeida Melo Junior),PP,Junior De Beto,PP,False,True
2613008,São Bento Do Una,PE,Alexandre Batité,MDB,Alexandre Batité,MDB,False,True
2602605,Brejo Da Madre De Deus,PE,Roberto Asfora,PP,Roberto Asfora,PP,False,True
2600500,Águas Belas,PE,Dr. Elton Martins (José Elton Martins de Souza),REPUBLICANOS,Dr Elton Martins,REPUBLICANOS,False,True
2602100,Bom Conselho,PE,Doutor Edézio (Edezio Ferreira dos Santos Filho),PV,Doutor Edézio,PV,False,True
2601409,Barreiros,PE,Carlinhos da Pedreira (Carlos Artur Soares de Avellar Junior),PP,Carlinhos Da Pedreira,PP,False,True
2605103,Custódia,PE,Manoel Messias (Manoel Messias de Souza),PSD,Manoel Messias,PSD,False,True
2613503,São José Do Belmonte,PE,Vinicius Marques (Vinicius Marques Alves),PSB,Vinicius Marques,PSB,False,True
2207900,Pedro Ii,PI,Betinha Brandão (Elisabete Rodrigues de Oliveira Nunes Brandão),MDB,Betinha Brandão,MDB,False,True
2203701,Esperantina,PI,Ivanária Sampaio (Ivanaria do Nascimento Alves Sampaio),MDB,Ivanária Sampaio,MDB,False,True
4107207,Dois Vizinhos,PR,Luís Carlos (Carlinhos) Turatto,PP,Carlinhos Turatto,PP,False,True
4113304,Laranjeiras Do Sul,PR,Jaison Mendes,UNIÃO,Jaison Mendes,UNIÃO,False,True
4104501,Capanema,PR,Neivor Kessler (Professor Neivor),MDB,Professor Neivor,MDB,False,True
4127502,Tibagi,PR,Rildo Emanoel Leonardi,MDB,Rildo Leonardi,MDB,False,True
4105706,Clevelândia,PR,Rafaela Losi (inferido),PSD,Rafaela Losi,PSD,False,True
4104428,Candói,PR,Aldoino Goldoni Filho (Dino),PSD,Dino,PSD,False,True
4127965,Turvo,PR,Antonio Marcos Seguro,PSD,Marcos Seguro,PSD,False,True
4125100,São João Do Triunfo,PR,Mário Cezar da Silva,PT,Mario Cezar,PT,False,True
4128609,Verê,PR,Paulo Roberto Weissheimer,PRD,Paulo,PRD,False,True
4107850,Flor Da Serra Do Sul,PR,Valmor Felipe Junior (Junior Veterinário),PSD,Junior Veterinario,PSD,False,True
4106571,Cruzeiro Do Iguaçu,PR,Jean Carlos Cardoso,REPUBLICANOS,Jean Cardoso,REPUBLICANOS,True,True
3306107,Valença,RJ,Saulo de Tarso Pereira Correa da Silva (Saulo Correa),MDB,Saulo Correa,MDB,False,True
3304151,Quissamã,RJ,Marcelo de Souza Batista,PP,Marcelo Batista,PP,False,True
3301603,Duas Barras,RJ,Armando Rosemberto Mattos Teixeira (Bebeto),SOLIDARIEDADE,Bebeto,SOLIDARIEDADE,False,True
4315602,Rio Grande,RS,Darlene Torrada Pereira (Darlene Pereira),PT,Darlene,PT,False,True
4318002,São Borja,RS,José Luiz Rodrigues Machado ('Boca'),PP,José Luiz Machado Boca,PP,False,True
4318309,São Gabriel,RS,Lucas Gonçalves Menezes,UNIÃO,Lucas,UNIÃO,False,True
4306601,Dom Pedrito,RS,Diego da Rosa Cruz (Guiga),PP,Guiga,PP,False,True
4318903,São Luiz Gonzaga,RS,José Antônio Flach Werle,MDB,Piti,MDB,False,True
4313706,Palmeira Das Missões,RS,Evandro Luis Massing,PT,Evandro Massing,PT,False,True
4317301,Santa Vitória Do Palmar,RS,André Selayaran Nicoletti,MDB,André Selayaran,MDB,False,True
4320800,Soledade,RS,Paulo Ricardo Cattaneo,MDB,Paulo Cattaneo,MDB,False,True
4318507,São José Do Norte,RS,Neromar de Araujo Guimarães (Nero),UNIÃO,Nero,UNIÃO,False,True
4315305,Quaraí,RS,Jeferson da Silva Pires (Jeferson Pires),REPUBLICANOS,Jeferson Pires,REPUBLICANOS,False,True
4319604,São Sepé,RS,Marcelo Faria Ellwanger,PP,Marcelo Ellwanger,PP,False,True
4318200,São Francisco De Paula,RS,Thiago Carniel Teixeira,PDT,Thiago Teixeira,PDT,False,True
4322202,Tupanciretã,RS,Gustavo Herter Terra,PP,Gustavo Terra,PP,False,True
4318408,São Jerônimo,RS,Júlio Cesar Prates Cunha (Julião),PSDB,Julião,PSDB,False,True
4311205,Júlio De Castilhos,RS,Bernardo Quatrin Dalla Corte,PSDB,Bernardo,PSDB,False,True
4318101,São Francisco De Assis,RS,Rubemar Paulinho Salbego (Paulinho Salbego),PDT,Paulinho Salbego,PDT,False,True
4317806,Santo Augusto,RS,Lilian Fontoura Depiere,PL,Lilian Fontoura Depiere,PL,False,True
4321402,Tenente Portela,RS,Rosemar Antonio Sala,PSDB,Sala,PSDB,False,True
4306502,Dom Feliciano,RS,Tiago André Szortyka,PSB,Tiago Szortyka,PSB,False,True
4301909,Barra Do Ribeiro,RS,João Francisco Silva Feijó,MDB,João Francisco,MDB,False,True
4305207,Cerro Largo,RS,Protásio Pedro Butzen (Pedro Butzen),PP,Pedro Butzen,PP,False,True
4316451,Salto Do Jacuí,RS,Ronaldo Olimpio Pereira de Moraes (Ronaldo),PP,Ronaldo,PP,False,True
4316105,Ronda Alta,RS,Marcos Miguel Beux (Marcos Beux),PDT,Marcos Beux,PDT,False,True
4300505,Alpestre,RS,Rudimar Argenton (Rudi),PP,Rudi Argenton,PP,False,True
4313805,Palmitinho,RS,Benhur Dailor Barth,MDB,Benhur Barth,MDB,False,True
4311775,Maquiné,RS,Luciano de Almeida Alves,PDT,Luciano Alves,PDT,False,True
4319158,São Miguel Das Missões,RS,Luiz Rodrigo Ribas,PP,Rodrigo Ribas,PP,False,True
4321956,Trindade Do Sul,RS,Odair Adilio Pelicioli (Oda),PDT,Oda,PDT,False,True
4310504,Iraí,RS,Volmir José Bielski,UNIÃO,Volmir Bielski,UNIÃO,False,True
4307302,Erval Seco,RS,Ederson Wink,PDT,Eder Wink,PDT,False,True
4307203,Erval Grande,RS,Suzinei Schneider,UNIÃO,Suzinei,UNIÃO,False,True
4320354,Sentinela Do Sul,RS,Julio Cesar Carvalho,PP,Julio Carvalho,PP,False,True
4303301,Caibaté,RS,Daniel Seffrin Herther,PP,Daniel,PP,False,True
4304002,Campo Novo,RS,Pedro dos Santos (Pedrinho),REPUBLICANOS,Pedrinho,REPUBLICANOS,False,True
4314498,Pinheirinho Do Vale,RS,Elton Tatto,PDT,Tatto,PDT,False,True
4313490,Novo Barreiro,RS,Marcia Raquel Rodrigues Presotto,UNIÃO,Marcia Rodrigues,UNIÃO,False,True
4323754,Vitória Das Missões,RS,Cornélio Luis Grimm,PDT,Cornélio,PDT,False,True
4310850,Jaboticaba,RS,Edvaldo Rosa Ribeiro,PP,Edvaldo Ribeiro,PP,False,True
4311734,Mampituba,RS,Gilberto Lopes Roldão (Beto Roldão),PSDB,Beto Roldão,PSDB,False,True
4311130,Jari,RS,Osnei dos Santos Azeredo (Nei),MDB,Nei,MDB,False,True
4306072,Cristal Do Sul,RS,Alexandre Costa,MDB,Alexandre,MDB,False,True
4309571,Herveiras,RS,Nazario Rubi Kuentzer,PL,Nazario,PL,False,True
4323507,Vista Alegre,RS,Rudinei Bridi (Rudi),PSDB,Rudi,PSDB,False,True
4315958,Rolador,RS,João Alberto Aquino Gomes,MDB,João Alberto,MDB,False,True
4311239,Lagoa Bonita Do Sul,RS,Luiz Francisco Fagundes (Luizinho),PP,Luizinho,PP,False,True
4316428,Sagrada Família,RS,Mauro Rogerio Ferrari Galatto (Mauro Galatto),PDT,Mauro Galatto,PDT,False,True
4302154,Boa Vista Das Missões,RS,Rudilberto Soares Landesfeldt (Beto),PDT,Beto,PDT,False,True
4306429,Dois Irmãos Das Missões,RS,Mauro Procópio Fortes de Quadros,MDB,Mauro,MDB,False,True
4310876,Jacuizinho,RS,José Diniz Fernandes (Diniz),PP,Diniz,PP,False,True
4313441,Novo Tiradentes,RS,Luiz Carlos Benedette (Caio),PP,Caio,PP,False,True
4304614,Canudos Do Vale,RS,Maico Juarez Berghahn,PSB,Maico Juarez Berghahn,PSB,False,True
4306924,Engenho Velho,RS,Paulo André Dal Alba,PP,Paulo Dal Alba,PP,False,True
4205308,Faxinal Dos Guedes,SC,Jader Danielli,PSD,Jader Danielli,PSD,False,True
4200507,Águas De Chapecó,SC,Oscar Barela,PP,Oscar Barela,PP,False,True
4213153,Planalto Alegre,SC,Evandro Cleber Bet,PSD,Evandro Cleber Bet,PSD,False,True
3513801,Diadema,SP,Taka Yamauchi,MDB,Taka Yamauchi,MDB,False,True
3520103,Igarapava,SP,Dr. José Humberto,REPUBLICANOS,Dr José Humberto,REPUBLICANOS,False,True
3553609,Tapiratiba,SP,Ramon Jesus Vieira (Ramon),CIDADANIA,Ramon,CIDADANIA,False,True
3552908,Taciba,SP,Izidoro Arcesti Ricci (Izidoro Ricci),PP,Izidoro Ricci,PP,False,True
1716505,Pedro Afonso,TO,Joaquim Martins Pinheiro Filho (Joaquim Pinheiro),PP,Joaquim Pinheiro,PP,False,True
1711902,Lagoa Da Confusão,TO,Thiago Soares Carlos (Thiago Lagoense),UNIÃO,Thiago Lagoense,UNIÃO,False,True
1713304,Miranorte,TO,Leandro Mota Barbosa Teles (Leandro Barbosa),PL,Leandro Barbosa,PL,False,True
1706100,Cristalândia,TO,Wilson Júnior Carvalho de Oliveira (Big Jow),UNIÃO,Big Jow,UNIÃO,False,True
1701101,Aparecida Do Rio Negro,TO,Deusimar Pereira de Amorim (Deusimar Amorim),REPUBLICANOS,Deusimar Amorim,REPUBLICANOS,False,True
1708304,Goianorte,TO,Maria de Jesus Amaro de Oliveira Parente (Nega),REPUBLICANOS,Nega,REPUBLICANOS,False,True
1700350,Aliança Do Tocantins,TO,Elves Moreira Guimarães (Elves Guimarães),REPUBLICANOS,Elves Guimarães,REPUBLICANOS,False,True
1712504,Marianópolis Do Tocantins,TO,Saulo Costa Moreira (Saulo Barbosa),PDT,Saulo Barbosa,PDT,False,True
1703867,Cariri Do Tocantins,TO,Elton Moreira Alves (Tetin / 'Tetim do Açougue'),UNIÃO,Tetin,UNIÃO,False,True
1718881,Santa Maria Do Tocantins,TO,Leonardo Noleto Moreira (Leonardo Noleto),REPUBLICANOS,Leonardo Noleto,REPUBLICANOS,False,True
1700251,Abreulândia,TO,Manoel Francisco de Moura (Manoel Moura),PT,Manoel Moura,PT,False,True
