ibge,municipio,uf,cenarios,falta_prefeito,falta_pautas,sem_pesquisa
1200302,Feijó,AC,S1#31,0,1,0
1300300,Autazes,AM,S2#56,0,1,0
1301100,Careiro,AM,S2#77,0,1,0
1301704,Humaitá,AM,S1#4,0,1,0
1500404,Alenquer,PA,S3#72,0,1,0
1501451,Belterra,PA,S1#89;S3#8,0,1,0
1501782,Breu Branco,PA,S2#65,0,1,0
1502939,Dom Eliseu,PA,S1#44;S3#6,0,1,0
1503804,Jacundá,PA,S1#62,1,0,0
1505809,Portel,PA,S2#38,0,1,0
1600501,Oiapoque,AP,S2#97,1,0,0
1700251,Abreulândia,TO,S3#61,0,1,0
1700350,Aliança Do Tocantins,TO,S3#44,0,1,0
1701101,Aparecida Do Rio Negro,TO,S3#39,0,1,0
1703107,Barrolândia,TO,S3#37,0,1,0
1703867,Cariri Do Tocantins,TO,S3#98,0,1,0
1708304,Goianorte,TO,S3#40,0,1,0
1717909,Ponte Alta Do Tocantins,TO,S3#32,1,0,0
1718204,Porto Nacional,TO,S1#94,1,0,0
2103307,Codó,MA,S2#6,0,1,0
2103406,Coelho Neto,MA,S2#69,0,1,0
2103604,Coroatá,MA,S2#23,0,1,0
2203701,Esperantina,PI,S2#89,0,1,0
2207900,Pedro Ii,PI,S2#57,0,1,0
2208403,Piripiri,PI,S2#20,1,0,0
2310506,Pedra Branca,CE,S2#68,1,0,0
2601409,Barreiros,PE,S2#88,0,1,0
2602100,Bom Conselho,PE,S2#75,0,1,0
2602605,Brejo Da Madre De Deus,PE,S2#64,0,1,0
2602803,Buíque,PE,S2#25,0,1,0
2605103,Custódia,PE,S2#85,0,1,0
2610905,Pesqueira,PE,S2#21,0,1,0
2613503,São José Do Belmonte,PE,S2#99,0,1,0
2700409,Atalaia,AL,S2#86,0,1,0
2701407,Campo Alegre,AL,S2#95,0,1,0
2702405,Delmiro Gouveia,AL,S2#40,0,1,0
2706703,Penedo,AL,S2#32,0,1,0
2707404,Porto De Pedras,AL,S3#21,0,1,0
2708709,São Miguel Dos Milagres,AL,S3#84,0,1,0
2709152,Teotônio Vilela,AL,S2#55,0,1,0
2900702,Alagoinhas,BA,S2#5,0,1,0
2902708,Barra,BA,S2#62,0,1,0
2906501,Candeias,BA,S2#14,0,1,0
2910057,Dias D'Ávila,BA,S2#24,0,1,0
2910503,Entre Rios,BA,S2#73,0,1,0
2922003,Mucuri,BA,S2#90,0,1,0
2925105,Poções,BA,S2#63,0,1,0
2928604,Santo Amaro,BA,S2#33,0,1,0
2933604,Xique-Xique,BA,S2#61,0,1,0
3100104,Abadia Dos Dourados,MG,S3#92,0,1,0
3101706,Almenara,MG,S2#48,0,1,0
3103405,Araçuaí,MG,S2#50,0,1,0
3107307,Bocaiúva,MG,S2#66,0,1,0
3108602,Brasília De Minas,MG,S2#72,0,1,0
3112307,Capelinha,MG,S1#16,0,1,0
3112604,Capinópolis,MG,S1#30,0,1,0
3113206,Carandaí,MG,S1#97,1,0,0
3114204,Carmo Do Cajuru,MG,S3#74,0,1,0
3114501,Carmópolis De Minas,MG,S1#79;S3#10,0,1,0
3115300,Cataguases,MG,S2#18,0,1,0
3121605,Diamantina,MG,S2#31,0,1,0
3123007,Dores De Campos,MG,S3#85,0,1,0
3129509,Ibiá,MG,S1#24,0,1,0
3133501,Itapecerica,MG,S1#39,0,1,0
3135050,Jaíba,MG,S2#98,0,1,0
3135209,Januária,MG,S2#12,0,1,0
3135308,Japaraíba,MG,S3#99,0,1,0
3137403,Lagoa Dourada,MG,S3#78,0,1,0
3138401,Leopoldina,MG,S2#37,0,1,0
3145000,Nova Ponte,MG,S1#49,0,1,0
3146107,Ouro Preto,MG,S2#15,1,0,0
3152006,Pompéu,MG,S1#43,0,1,0
3152105,Ponte Nova,MG,S2#35,0,1,0
3152204,Porteirinha,MG,S2#80,0,1,0
3152808,Prata,MG,S1#18,0,1,0
3153400,Presidente Olegário,MG,S1#48,0,1,0
3155504,Rio Paranaíba,MG,S1#11,0,1,0
3156304,Rodeiro,MG,S3#87,0,1,0
3157005,Salinas,MG,S2#53,1,1,0
3157708,Santa Juliana,MG,S1#20,1,1,0
3160702,Santos Dumont,MG,S2#46,1,1,0
3161106,São Francisco,MG,S2#19,1,1,0
3161908,São Gonçalo Do Rio Abaixo,MG,S1#19,1,1,0
3162401,São João Da Ponte,MG,S2#84,1,1,0
3171006,Vazante,MG,S1#37,1,0,0
3171303,Viçosa,MG,S2#16,1,0,0
3513801,Diadema,SP,S2#1,0,1,0
3516309,Francisco Morato,SP,S2#4,1,1,0
3517703,Guará,SP,S1#85;S3#77,1,1,0
3520103,Igarapava,SP,S1#99,0,1,0
3521309,Ipuã,SP,S1#75,1,1,0
3521804,Itaí,SP,S1#50,1,1,0
3526605,Lavrinhas,SP,S3#89,1,1,0
3529708,Miguelópolis,SP,S1#84,1,1,0
3532207,Narandiba,SP,S3#95,1,1,0
3537008,Pedregulho,SP,S1#80,1,1,0
3543006,Ribeirão Branco,SP,S1#36,1,1,0
3552007,Silveiras,SP,S3#93,1,0,0
3552908,Taciba,SP,S3#94,0,1,0
3553609,Tapiratiba,SP,S3#82,0,1,0
4101002,Ampére,PR,S1#41,1,0,0
4102901,Bituruna,PR,S1#14;S3#11,1,0,0
4111209,Itapejara D'Oeste,PR,S3#19,1,0,0
4114401,Mangueirinha,PR,S1#38,1,0,0
4115408,Marmeleiro,PR,S1#22;S3#13,1,1,1
4117255,Nova Prata Do Iguaçu,PR,S3#20,1,1,1
4117602,Palmas,PR,S1#69,1,1,1
4117800,Palmital,PR,S1#55,1,1,1
4119608,Pitanga,PR,S1#34,1,1,1
4119806,Planalto,PR,S1#64;S3#17,1,1,1
4121604,Renascença,PR,S3#36,1,1,1
4122206,Rio Branco Do Sul,PR,S1#90;S3#73,1,1,1
4122800,Salgado Filho,PR,S3#100,1,1,1
4124400,Santo Antônio Do Sudoeste,PR,S1#63;S3#76,1,1,1
4125100,São João Do Triunfo,PR,S1#1;S3#1,0,1,0
4126603,Siqueira Campos,PR,S1#32,1,1,1
4126652,Sulina,PR,S3#54,1,1,1
4128534,Ventania,PR,S3#25,1,0,0
4200507,Águas De Chapecó,SC,S3#38,0,1,0
4203501,Campo Erê,SC,S3#24,1,1,0
4204103,Caxambu Do Sul,SC,S3#42,1,1,0
4205308,Faxinal Dos Guedes,SC,S3#83,0,1,0
4207858,Irati,SC,S3#68,1,1,0
4211454,Nova Itaberaba,SC,S3#96,1,1,0
4211876,Paial,SC,S3#69,1,1,0
4212007,Palma Sola,SC,S3#35,1,1,0
4213153,Planalto Alegre,SC,S3#55,0,1,0
4215752,São Bernardino,SC,S3#59,1,1,0
4216800,São José Do Cerrito,SC,S3#23,1,1,0
4217154,São Miguel Da Boa Vista,SC,S3#4,1,1,0
4315305,Quaraí,RS,S1#83,0,1,0
5204805,Campo Alegre De Goiás,GO,S3#31,1,0,0
5209952,Indiara,GO,S1#40,1,0,0
5215504,Ouvidor,GO,S1#10,0,1,0
5219308,Santa Helena De Goiás,GO,S1#17,0,1,0
