IBGE,municipio,uf,NR_ZONA,aptos26,abst22,abst26,lula2p26,liq_por_eleitor,ausentes_recuperaveis,ganho_recuperar_2022,ganho_por_1pp_comparecimento,idade_70mais,idade_16_17,idade_18_24,mulheres
2927408,Salvador,BA,4,121281,18.45,21.14,73.43,0.469,3262.0,1530.0,569.0,0.0743,0.0054,0.106,0.545
2927408,Salvador,BA,14,114213,19.64,21.62,74.41,0.488,2261.0,1103.0,557.0,0.0711,0.0073,0.1084,0.5536
3550308,São Paulo,SP,371,196550,19.22,22.61,64.06,0.281,6663.0,1872.0,552.0,0.0813,0.0045,0.1121,0.5388
2927408,Salvador,BA,3,106680,17.81,19.82,75.72,0.514,2144.0,1102.0,548.0,0.0904,0.0043,0.0925,0.5549
2927408,Salvador,BA,19,128289,18.31,20.93,70.91,0.418,3361.0,1405.0,536.0,0.0753,0.0059,0.1124,0.5586
2927408,Salvador,BA,11,116635,18.08,20.43,72.46,0.449,2741.0,1231.0,524.0,0.0716,0.0058,0.1048,0.549
3550308,São Paulo,SP,381,209673,19.72,22.85,62.52,0.25,6563.0,1641.0,524.0,0.0662,0.0062,0.1304,0.5369
3550308,São Paulo,SP,404,193359,19.26,23.59,63.31,0.266,8372.0,2227.0,514.0,0.0772,0.0046,0.1255,0.5494
2307304,Juazeiro Do Norte,CE,119,119171,16.52,16.18,70.48,0.41,0.0,0.0,489.0,0.0687,0.0242,0.1454,0.5392
3550308,São Paulo,SP,1,147692,26.88,28.0,66.41,0.328,1654.0,543.0,484.0,0.1783,0.0031,0.0537,0.5162
2927408,Salvador,BA,16,102570,18.6,20.23,73.33,0.467,1672.0,781.0,479.0,0.0803,0.0057,0.0974,0.5552
2211001,Teresina,PI,1,120783,15.3,14.88,69.34,0.387,0.0,0.0,467.0,0.0894,0.0107,0.115,0.5459
2927408,Salvador,BA,8,105893,18.27,20.25,71.84,0.437,2097.0,916.0,463.0,0.0717,0.006,0.1063,0.5468
2927408,Salvador,BA,12,121521,20.44,22.57,68.93,0.379,2588.0,981.0,461.0,0.0858,0.006,0.1004,0.5556
2927408,Salvador,BA,17,102976,18.36,20.55,72.13,0.443,2255.0,999.0,456.0,0.0762,0.005,0.0949,0.5465
3304557,Rio De Janeiro,RJ,16,119021,26.21,26.73,68.95,0.379,619.0,235.0,451.0,0.2322,0.005,0.0592,0.5607
3550308,São Paulo,SP,20,165348,20.63,24.45,63.23,0.265,6316.0,1674.0,438.0,0.0799,0.0054,0.1224,0.5452
2927408,Salvador,BA,10,139555,17.61,19.82,64.91,0.298,3084.0,919.0,416.0,0.1079,0.0062,0.0895,0.5576
2927408,Salvador,BA,2,88002,17.46,19.77,73.43,0.469,2033.0,953.0,413.0,0.1166,0.0036,0.0724,0.5622
2111300,São Luís,MA,1,120181,16.82,15.91,66.95,0.339,0.0,0.0,407.0,0.0965,0.0125,0.1101,0.5364
2927408,Salvador,BA,15,87025,16.88,18.75,73.35,0.467,1627.0,760.0,406.0,0.0787,0.0043,0.0913,0.5498
2111300,São Luís,MA,2,124520,15.11,14.9,65.76,0.315,0.0,0.0,392.0,0.0945,0.0107,0.1083,0.5483
2905701,Camaçari,BA,171,112181,17.4,20.84,67.41,0.348,3859.0,1343.0,390.0,0.0666,0.0067,0.1157,0.5459
2927408,Salvador,BA,5,83456,16.85,18.85,73.27,0.465,1669.0,776.0,388.0,0.09,0.0049,0.0915,0.5551
2307304,Juazeiro Do Norte,CE,28,81175,14.97,14.96,73.91,0.478,0.0,0.0,388.0,0.1083,0.0194,0.1046,0.5432
2211001,Teresina,PI,98,134853,14.85,14.92,64.2,0.284,94.0,27.0,383.0,0.0914,0.0113,0.1147,0.5454
2927408,Salvador,BA,7,91907,16.93,19.13,70.75,0.415,2022.0,839.0,381.0,0.1176,0.0044,0.0804,0.5539
2927408,Salvador,BA,9,94095,16.5,18.66,69.82,0.396,2032.0,805.0,373.0,0.1041,0.0036,0.087,0.5513
2927408,Salvador,BA,6,93231,16.76,18.96,69.7,0.394,2051.0,808.0,367.0,0.117,0.0051,0.0819,0.562
2211001,Teresina,PI,63,113150,14.52,14.13,66.01,0.32,0.0,0.0,362.0,0.0907,0.0105,0.1122,0.5492
3304557,Rio De Janeiro,RJ,4,119953,26.17,26.73,64.82,0.296,672.0,199.0,355.0,0.2593,0.0056,0.0565,0.5636
2211001,Teresina,PI,2,119248,15.99,15.78,64.88,0.298,0.0,0.0,355.0,0.1012,0.011,0.1128,0.5542
2927408,Salvador,BA,18,74308,17.12,19.06,73.79,0.476,1442.0,686.0,354.0,0.1075,0.0039,0.0787,0.5508
2910800,Feira De Santana,BA,156,122041,15.41,17.21,63.87,0.277,2197.0,609.0,338.0,0.0789,0.0074,0.108,0.5517
2211001,Teresina,PI,97,104940,15.61,15.01,65.9,0.318,0.0,0.0,334.0,0.1193,0.0087,0.0961,0.5527
2905701,Camaçari,BA,170,98581,17.01,20.68,66.25,0.325,3618.0,1176.0,320.0,0.0545,0.0094,0.1228,0.5404
2910800,Feira De Santana,BA,157,107712,15.21,18.19,64.82,0.296,3210.0,950.0,319.0,0.0792,0.008,0.1152,0.5509
2611606,Recife,PE,4,109797,14.56,15.98,64.39,0.288,1559.0,449.0,316.0,0.1205,0.0063,0.0934,0.553
2611101,Petrolina,PE,145,87485,18.42,19.24,67.9,0.358,717.0,257.0,313.0,0.0568,0.0134,0.1517,0.5406
3513801,Diadema,SP,329,159315,19.72,22.1,59.68,0.194,3792.0,736.0,309.0,0.0994,0.0043,0.1037,0.5329
2111300,São Luís,MA,10,132551,16.26,16.02,61.38,0.228,0.0,0.0,302.0,0.0785,0.0134,0.1244,0.5352
2800308,Aracaju,SE,1,140403,16.94,16.7,60.47,0.209,0.0,0.0,293.0,0.0835,0.0062,0.1149,0.5513
3304557,Rio De Janeiro,RJ,211,99895,25.28,26.86,64.5,0.29,1578.0,458.0,290.0,0.169,0.006,0.0897,0.5415
2800308,Aracaju,SE,27,140716,17.31,17.05,60.27,0.205,0.0,0.0,288.0,0.087,0.0063,0.1144,0.5509
2611606,Recife,PE,5,116736,13.26,14.83,62.05,0.241,1833.0,442.0,281.0,0.1031,0.0071,0.1015,0.5495
3550308,São Paulo,SP,353,181371,20.15,23.17,57.7,0.154,5477.0,843.0,279.0,0.0824,0.0042,0.1171,0.5383
2607901,Jaboatão Dos Guararapes,PE,11,116346,18.45,20.48,61.87,0.237,2362.0,560.0,276.0,0.1111,0.0087,0.1096,0.5342
2609600,Olinda,PE,117,101564,12.7,14.76,63.61,0.272,2092.0,569.0,276.0,0.0901,0.0067,0.1086,0.5503
3550308,São Paulo,SP,408,171821,20.62,23.15,58.02,0.16,4347.0,696.0,275.0,0.0835,0.0055,0.1187,0.5464
3550308,São Paulo,SP,328,179410,21.26,23.69,57.6,0.152,4360.0,663.0,273.0,0.0905,0.0049,0.1124,0.5492
3304557,Rio De Janeiro,RJ,170,130542,24.3,26.46,60.41,0.208,2820.0,587.0,272.0,0.2261,0.0044,0.0672,0.5586
2611606,Recife,PE,7,110834,13.58,15.36,62.2,0.244,1973.0,481.0,270.0,0.1226,0.0074,0.0959,0.5597
2611101,Petrolina,PE,83,81945,16.05,17.6,65.79,0.316,1270.0,401.0,259.0,0.0708,0.0133,0.1319,0.5415
3304557,Rio De Janeiro,RJ,204,112832,27.89,29.28,61.33,0.227,1568.0,356.0,256.0,0.1909,0.0045,0.0825,0.5162
3550308,São Paulo,SP,418,195871,21.31,24.28,56.48,0.13,5817.0,756.0,255.0,0.0977,0.0052,0.1154,0.5455
2611606,Recife,PE,9,115044,13.9,15.25,60.97,0.219,1553.0,340.0,252.0,0.0799,0.0072,0.1232,0.549
2304400,Fortaleza,CE,113,107345,17.48,12.1,61.69,0.234,0.0,0.0,251.0,0.1281,0.0069,0.0813,0.5561
3552809,Taboão Da Serra,SP,416,118294,20.44,20.11,60.37,0.207,0.0,0.0,245.0,0.0592,0.0059,0.1233,0.5427
3304557,Rio De Janeiro,RJ,229,109501,25.65,26.55,60.97,0.219,986.0,216.0,240.0,0.2139,0.0042,0.0741,0.5563
2910800,Feira De Santana,BA,154,117339,15.62,17.39,59.88,0.198,2077.0,411.0,232.0,0.0894,0.0064,0.1135,0.5564
2933307,Vitória Da Conquista,BA,40,50783,17.19,19.22,72.5,0.45,1031.0,464.0,229.0,0.1042,0.0086,0.1072,0.5131
2304400,Fortaleza,CE,82,99881,16.93,11.65,61.43,0.229,0.0,0.0,229.0,0.0971,0.009,0.0972,0.5504
2927408,Salvador,BA,1,76122,17.76,20.59,65.0,0.3,2154.0,646.0,228.0,0.1815,0.0046,0.0631,0.5707
2611606,Recife,PE,150,109628,13.34,14.83,60.41,0.208,1633.0,340.0,228.0,0.1086,0.0057,0.0888,0.5601
2304400,Fortaleza,CE,114,105957,15.71,12.74,60.69,0.214,0.0,0.0,227.0,0.075,0.0096,0.1125,0.5511
3304557,Rio De Janeiro,RJ,7,107301,25.43,26.42,60.26,0.205,1062.0,218.0,220.0,0.2403,0.0042,0.0627,0.5682
2611606,Recife,PE,6,107143,13.64,15.42,60.04,0.201,1907.0,383.0,215.0,0.0979,0.0055,0.0836,0.5466
4314902,Porto Alegre,RS,1,101337,22.67,23.81,60.61,0.212,1155.0,245.0,215.0,0.2248,0.0035,0.0447,0.555
2111300,São Luís,MA,89,125407,15.62,15.24,58.11,0.162,0.0,0.0,203.0,0.0584,0.0118,0.134,0.5454
2609600,Olinda,PE,10,98781,13.95,15.99,59.94,0.199,2015.0,401.0,197.0,0.1282,0.0074,0.0926,0.5583
4314902,Porto Alegre,RS,159,105434,23.18,26.1,59.26,0.185,3079.0,570.0,195.0,0.1098,0.0036,0.0967,0.5438
2927408,Salvador,BA,13,107720,16.57,19.66,59.06,0.181,3329.0,603.0,195.0,0.1492,0.0058,0.0816,0.5651
2607901,Jaboatão Dos Guararapes,PE,147,125620,19.79,21.7,57.73,0.155,2399.0,372.0,195.0,0.1131,0.0079,0.1128,0.5418
2303709,Caucaia,CE,37,96681,14.55,14.63,60.06,0.201,77.0,15.0,194.0,0.0783,0.0107,0.1269,0.5312
2800308,Aracaju,SE,2,141060,16.24,15.98,56.82,0.136,0.0,0.0,192.0,0.1392,0.0051,0.0816,0.5624
2304400,Fortaleza,CE,80,99154,16.82,12.18,59.6,0.192,0.0,0.0,190.0,0.1268,0.0092,0.0857,0.5576
2609600,Olinda,PE,100,101598,12.81,14.45,59.26,0.185,1666.0,308.0,188.0,0.075,0.0077,0.1119,0.5502
2304400,Fortaleza,CE,118,106091,14.31,12.92,58.87,0.177,0.0,0.0,188.0,0.0644,0.0089,0.1165,0.5513
3550308,São Paulo,SP,280,165567,20.36,21.9,55.66,0.113,2550.0,288.0,187.0,0.115,0.0042,0.0976,0.54
2304400,Fortaleza,CE,83,108700,15.53,12.09,58.49,0.17,0.0,0.0,185.0,0.0844,0.0096,0.1045,0.5492
2611606,Recife,PE,3,114820,14.4,16.16,58.02,0.16,2021.0,323.0,184.0,0.0901,0.0064,0.1096,0.5513
2607901,Jaboatão Dos Guararapes,PE,118,132039,17.39,19.02,56.76,0.135,2152.0,291.0,178.0,0.1108,0.0089,0.1131,0.5405
3304557,Rio De Janeiro,RJ,5,117499,31.04,31.85,57.55,0.151,952.0,144.0,177.0,0.3045,0.0033,0.0455,0.5771
3550308,São Paulo,SP,251,113422,22.64,24.01,57.74,0.155,1554.0,241.0,176.0,0.2211,0.0058,0.0576,0.5461
2304400,Fortaleza,CE,95,106630,17.04,14.33,58.18,0.164,0.0,0.0,175.0,0.0516,0.0109,0.1331,0.549
2611606,Recife,PE,8,107776,13.08,14.81,58.07,0.161,1865.0,300.0,174.0,0.1529,0.0066,0.0675,0.5563
2610707,Paulista,PE,12,73902,13.0,14.5,61.63,0.233,1109.0,258.0,172.0,0.0998,0.0079,0.1044,0.5472
4314902,Porto Alegre,RS,113,104106,22.94,24.4,58.09,0.162,1520.0,246.0,169.0,0.1872,0.0044,0.0719,0.5518
3513801,Diadema,SP,426,84166,19.78,23.3,59.98,0.2,2963.0,593.0,168.0,0.0782,0.0055,0.1113,0.5313
2610707,Paulista,PE,114,84739,14.33,15.69,59.78,0.196,1152.0,226.0,166.0,0.0947,0.0079,0.1092,0.5526
2304400,Fortaleza,CE,117,106813,15.01,12.73,57.74,0.155,0.0,0.0,166.0,0.0595,0.008,0.1232,0.5486
2611101,Petrolina,PE,144,79690,16.67,17.54,60.33,0.207,693.0,143.0,165.0,0.0795,0.0121,0.1295,0.5467
2304400,Fortaleza,CE,116,113112,15.87,12.55,57.15,0.143,0.0,0.0,162.0,0.0627,0.0093,0.1174,0.5447
3550308,São Paulo,SP,405,107709,20.27,23.19,57.48,0.15,3145.0,472.0,162.0,0.1175,0.0042,0.1089,0.5531
2604106,Caruaru,PE,106,109248,14.52,15.35,57.4,0.148,907.0,134.0,162.0,0.0944,0.0099,0.1043,0.5581
2611606,Recife,PE,2,108206,14.27,16.4,57.34,0.147,2305.0,339.0,159.0,0.1272,0.0051,0.0852,0.5521
2303709,Caucaia,CE,120,55886,14.2,13.62,63.64,0.273,0.0,0.0,153.0,0.0812,0.0106,0.128,0.5215
2304400,Fortaleza,CE,2,108339,16.34,13.56,56.99,0.14,0.0,0.0,152.0,0.0708,0.0098,0.1078,0.5509
3515004,Embu Das Artes,SP,391,104795,17.28,22.02,57.22,0.144,4967.0,715.0,151.0,0.074,0.0069,0.1258,0.536
2304400,Fortaleza,CE,115,106110,16.27,11.74,57.03,0.141,0.0,0.0,150.0,0.0922,0.0082,0.092,0.5513
2303709,Caucaia,CE,123,97055,12.53,12.83,57.7,0.154,291.0,45.0,149.0,0.0642,0.01,0.1282,0.5476
3303302,Niterói,RJ,71,112650,19.3,19.69,56.59,0.132,439.0,58.0,149.0,0.1644,0.0056,0.0777,0.5571
3304557,Rio De Janeiro,RJ,214,131225,25.95,27.14,55.65,0.113,1562.0,177.0,148.0,0.214,0.0039,0.077,0.5595
3534401,Osasco,SP,331,123409,20.36,23.44,56.0,0.12,3801.0,456.0,148.0,0.0828,0.0053,0.1127,0.5273
1501402,Belém,PA,96,101695,16.01,15.98,57.18,0.144,0.0,0.0,146.0,0.1105,0.0083,0.1056,0.5409
3304557,Rio De Janeiro,RJ,161,91866,24.63,28.46,57.92,0.158,3518.0,556.0,145.0,0.1101,0.0047,0.115,0.5501
4314902,Porto Alegre,RS,114,97943,24.46,25.41,57.36,0.147,930.0,137.0,144.0,0.162,0.0043,0.0805,0.5453
2304400,Fortaleza,CE,94,100196,15.69,11.52,57.18,0.144,0.0,0.0,144.0,0.0769,0.0084,0.1036,0.5468
1501402,Belém,PA,29,98680,15.63,15.49,57.12,0.142,0.0,0.0,140.0,0.0975,0.0087,0.1108,0.5368
2304400,Fortaleza,CE,93,91803,15.78,13.78,57.51,0.15,0.0,0.0,138.0,0.0652,0.0104,0.1231,0.5535
2304400,Fortaleza,CE,1,126970,18.39,15.55,55.44,0.109,0.0,0.0,138.0,0.0983,0.0113,0.1082,0.5502
2610707,Paulista,PE,146,78545,15.6,17.82,58.72,0.174,1744.0,303.0,137.0,0.0891,0.0082,0.1185,0.5532
3303302,Niterói,RJ,144,101830,20.62,20.79,56.5,0.13,173.0,22.0,132.0,0.149,0.0045,0.0861,0.558
3550308,São Paulo,SP,351,131004,21.97,24.45,55.01,0.1,3249.0,325.0,131.0,0.1239,0.0042,0.0965,0.5496
4314902,Porto Alegre,RS,161,105139,21.68,23.75,56.21,0.124,2176.0,270.0,130.0,0.114,0.0052,0.1093,0.5545
3304557,Rio De Janeiro,RJ,17,110622,28.85,30.18,55.78,0.116,1471.0,171.0,128.0,0.2924,0.0048,0.0534,0.5548
5300108,Brasília,DF,14,113823,16.09,17.67,55.53,0.111,1798.0,200.0,126.0,0.1278,0.0099,0.074,0.5419
3304557,Rio De Janeiro,RJ,169,88113,24.46,27.39,57.11,0.142,2582.0,367.0,125.0,0.1532,0.0046,0.0989,0.548
2304400,Fortaleza,CE,85,93346,15.18,11.89,56.42,0.128,0.0,0.0,119.0,0.0844,0.009,0.1063,0.5458
4314407,Pelotas,RS,34,80995,18.57,20.89,57.21,0.144,1879.0,271.0,117.0,0.1723,0.0051,0.0771,0.5581
3136702,Juiz De Fora,MG,349,101790,20.2,18.33,55.57,0.111,0.0,0.0,113.0,0.1168,0.0052,0.0927,0.5462
2910800,Feira De Santana,BA,155,88539,13.85,15.79,56.42,0.128,1718.0,220.0,113.0,0.1052,0.0063,0.103,0.5549
3136702,Juiz De Fora,MG,315,88891,21.23,18.66,55.39,0.108,0.0,0.0,96.0,0.1204,0.0044,0.0907,0.5442
3304557,Rio De Janeiro,RJ,8,86645,24.31,25.71,55.5,0.11,1213.0,133.0,95.0,0.1804,0.0044,0.0906,0.5515
2604106,Caruaru,PE,41,24481,14.05,13.38,69.05,0.381,0.0,0.0,93.0,0.0995,0.0157,0.1074,0.5199
