IBGE,municipio,uf,NR_ZONA,aptos26,lula2p26,flavio26,flavio_menos_jair,renan26,caiado26,cury26,esperado_flavio_terceiros,escol_superior,idade_18_24,mulheres
3550308,São Paulo,SP,258,188156,39.94,51.07,4.8,4.78,4.78,3.5,8386.0,0.4516,0.0638,0.5491
5208707,Goiânia,GO,134,117423,31.94,55.81,-1.97,1.62,14.72,1.45,7045.0,0.0918,0.1115,0.5551
5201405,Aparecida De Goiânia,GO,145,116963,34.82,53.56,-0.83,1.72,14.12,1.75,6979.0,0.1224,0.1104,0.5456
5201405,Aparecida De Goiânia,GO,119,119704,39.78,49.42,-0.11,1.66,14.51,1.57,6973.0,0.0515,0.1258,0.5425
5208707,Goiânia,GO,135,112227,37.11,51.44,-1.14,1.88,14.44,1.64,6879.0,0.1377,0.105,0.5436
5208707,Goiânia,GO,146,121134,38.68,51.02,-1.27,1.8,12.98,1.68,6769.0,0.1607,0.1164,0.5457
5208707,Goiânia,GO,147,112146,32.59,55.26,-1.15,1.46,14.94,1.44,6730.0,0.0568,0.1093,0.5441
5208707,Goiânia,GO,136,112046,31.16,56.83,-1.05,1.87,13.84,1.53,6591.0,0.1248,0.1228,0.55
3550308,São Paulo,SP,257,174227,43.6,49.44,2.83,4.21,2.93,4.17,6585.0,0.1969,0.079,0.5433
5300108,Brasília,DF,15,169854,42.32,51.29,-0.88,3.09,4.5,2.77,6492.0,0.4248,0.1026,0.5436
5208707,Goiânia,GO,127,114054,31.88,56.78,-1.31,1.86,12.95,1.56,6462.0,0.2547,0.0894,0.5537
1721000,Palmas,TO,29,219783,36.48,58.26,3.56,2.34,2.44,3.22,6312.0,0.1925,0.1388,0.5328
4106902,Curitiba,PR,2,150108,34.18,57.5,1.88,4.25,3.33,4.05,6299.0,0.3022,0.0882,0.5435
5208707,Goiânia,GO,133,114131,32.42,56.62,-0.79,1.87,12.39,1.59,6287.0,0.3809,0.0805,0.5579
4106902,Curitiba,PR,178,147826,31.2,60.22,2.53,4.01,3.52,3.88,6063.0,0.3812,0.0838,0.5438
5208707,Goiânia,GO,2,108897,31.75,56.88,-1.93,1.52,13.35,1.54,6043.0,0.1416,0.0855,0.548
5201405,Aparecida De Goiânia,GO,132,104596,41.16,48.31,0.52,1.57,14.51,1.63,6013.0,0.0544,0.1404,0.5307
3549904,São José Dos Campos,SP,412,181443,33.71,59.54,2.37,3.45,2.0,3.82,5993.0,0.198,0.0997,0.5359
4106902,Curitiba,PR,1,137107,36.8,54.93,1.47,4.03,3.78,4.17,5887.0,0.3928,0.0713,0.5459
4106902,Curitiba,PR,4,142789,34.24,57.56,2.3,4.12,3.35,4.16,5874.0,0.227,0.0921,0.5434
3525904,Jundiaí,SP,281,159671,33.38,58.93,3.17,3.88,2.39,4.34,5746.0,0.2107,0.0888,0.5316
4106902,Curitiba,PR,177,150833,40.53,52.43,1.32,3.92,3.04,3.65,5666.0,0.436,0.0705,0.5404
5208707,Goiânia,GO,1,107203,38.7,51.59,-2.06,1.74,12.06,1.67,5649.0,0.3996,0.0684,0.5579
4106902,Curitiba,PR,174,139717,31.27,60.41,1.95,3.97,3.22,4.07,5568.0,0.2151,0.0947,0.5363
5300108,Brasília,DF,16,153650,39.33,54.19,0.36,2.4,5.32,2.6,5465.0,0.0825,0.1291,0.5339
4106902,Curitiba,PR,3,139025,34.29,57.88,1.82,3.93,3.3,3.92,5449.0,0.1612,0.0967,0.5437
4202404,Blumenau,SC,3,152996,24.13,67.78,1.94,4.26,1.97,3.35,5444.0,0.2336,0.0908,0.5338
3530607,Mogi Das Cruzes,SP,287,161781,43.28,50.48,4.18,3.7,2.56,3.97,5358.0,0.1075,0.1177,0.5314
3518800,Guarulhos,SP,176,137298,39.18,53.6,2.75,3.81,2.74,4.48,5241.0,0.2384,0.1046,0.5438
4106902,Curitiba,PR,176,130590,31.36,60.44,1.94,4.01,3.17,3.99,5239.0,0.1987,0.0869,0.5379
3554102,Taubaté,SP,407,151726,32.76,59.76,1.73,3.58,2.88,3.78,5182.0,0.1631,0.0983,0.5353
5300108,Brasília,DF,13,141236,37.3,55.88,-0.2,2.59,5.09,2.8,5179.0,0.1095,0.1222,0.5425
4106902,Curitiba,PR,145,139606,33.58,58.92,3.59,3.6,3.16,3.89,5150.0,0.084,0.1021,0.5383
4106902,Curitiba,PR,175,137547,38.0,54.92,3.57,3.87,3.19,3.76,5128.0,0.0523,0.1203,0.5393
3550308,São Paulo,SP,254,148591,42.64,51.13,3.72,3.7,2.6,3.8,4988.0,0.1609,0.0925,0.5376
5201108,Anápolis,GO,144,101237,23.21,65.31,-0.27,1.78,11.44,1.51,4959.0,0.129,0.1141,0.5396
5300108,Brasília,DF,9,135160,44.1,49.9,-0.82,2.79,4.46,2.79,4838.0,0.3044,0.0973,0.5528
3304557,Rio De Janeiro,RJ,9,162015,36.55,57.51,2.99,3.49,2.42,2.66,4836.0,0.316,0.1128,0.5497
3549904,São José Dos Campos,SP,127,140290,35.77,57.24,2.02,3.68,2.23,3.6,4817.0,0.3768,0.0972,0.5291
4205407,Florianópolis,SC,100,144320,41.8,52.04,3.9,3.87,1.85,3.77,4794.0,0.2798,0.0923,0.5412
5201108,Anápolis,GO,141,98478,26.84,62.22,0.3,1.85,11.22,1.64,4781.0,0.1479,0.1199,0.5362
5300108,Brasília,DF,18,135126,44.75,49.43,0.82,2.75,4.6,2.54,4772.0,0.2856,0.1213,0.5365
3543402,Ribeirão Preto,SP,305,130176,34.15,58.17,2.61,3.6,2.47,4.41,4712.0,0.2949,0.1054,0.5454
5300108,Brasília,DF,5,133497,42.95,51.15,-0.2,2.76,4.4,2.64,4663.0,0.2072,0.1094,0.5398
3550308,São Paulo,SP,5,121716,44.06,48.25,6.3,3.89,5.24,2.57,4656.0,0.5314,0.0543,0.5432
3518800,Guarulhos,SP,393,129906,38.59,54.56,3.77,3.68,2.47,4.23,4626.0,0.1934,0.1138,0.5413
3505708,Barueri,SP,386,137029,43.96,50.05,5.49,3.87,2.18,3.85,4626.0,0.1577,0.1085,0.5483
4304606,Canoas,RS,134,132647,41.34,52.28,4.27,3.83,2.35,3.96,4609.0,0.1164,0.0974,0.5402
5300108,Brasília,DF,17,128410,42.55,51.39,-0.57,2.34,5.46,2.37,4575.0,0.1632,0.1031,0.5393
4205407,Florianópolis,SC,12,135136,42.75,51.19,2.12,3.63,2.15,3.55,4564.0,0.3847,0.0791,0.5467
5300108,Brasília,DF,8,136618,41.7,52.45,-0.02,2.24,4.89,2.54,4558.0,0.104,0.1006,0.5434
3304557,Rio De Janeiro,RJ,119,150488,41.91,52.31,2.14,3.29,2.93,2.78,4551.0,0.3157,0.0836,0.5495
5300108,Brasília,DF,6,137198,42.51,51.85,1.64,2.4,4.65,2.42,4521.0,0.0879,0.1205,0.5366
3552205,Sorocaba,SP,356,144145,39.66,54.26,3.78,3.59,1.88,3.98,4511.0,0.0893,0.1226,0.5299
5300108,Brasília,DF,10,123572,39.27,54.26,-0.8,2.87,4.63,2.62,4488.0,0.2049,0.1161,0.5417
3538709,Piracicaba,SP,270,158688,31.31,62.5,2.45,3.06,2.02,3.26,4396.0,0.1208,0.1017,0.5313
4125506,São José Dos Pinhais,PR,8,119389,29.11,63.05,2.9,3.48,3.05,3.93,4388.0,0.1502,0.1114,0.5279
5201108,Anápolis,GO,3,88577,27.38,61.46,0.12,1.74,11.88,1.55,4379.0,0.1215,0.1064,0.5385
3549904,São José Dos Campos,SP,411,140446,39.11,54.99,2.97,3.32,1.9,3.67,4375.0,0.1512,0.1068,0.5254
3205309,Vitória,ES,52,138928,41.64,52.76,1.28,3.25,2.23,3.0,4369.0,0.4696,0.0762,0.5529
3548500,Santos,SP,273,123366,40.66,52.57,1.34,3.85,2.91,3.67,4347.0,0.3356,0.0729,0.5648
3170206,Uberlândia,MG,279,142633,43.52,50.91,3.76,2.73,3.01,2.85,4263.0,0.2391,0.1069,0.5419
3303906,Petrópolis,RJ,29,134152,40.19,53.28,0.33,3.03,3.08,3.99,4255.0,0.1054,0.0774,0.5452
1302603,Manaus,AM,62,149819,40.84,53.99,0.13,2.32,1.46,4.58,4244.0,0.1019,0.1702,0.531
3205200,Vila Velha,ES,55,141849,40.63,53.95,0.65,3.17,1.84,3.47,4216.0,0.1815,0.1076,0.5475
3518800,Guarulhos,SP,279,124490,44.58,49.72,3.14,3.54,2.26,3.86,4138.0,0.1019,0.1157,0.5342
5300108,Brasília,DF,21,114357,39.37,54.01,0.23,2.46,5.24,2.83,4111.0,0.0717,0.1153,0.5391
3509502,Campinas,SP,379,147496,44.82,50.12,2.36,3.29,1.8,3.41,4092.0,0.0571,0.1101,0.5413
3106200,Belo Horizonte,MG,334,136329,44.88,49.37,1.59,2.98,2.19,3.92,4048.0,0.1209,0.095,0.5481
4305108,Caxias Do Sul,RS,16,116345,29.92,62.6,4.49,3.39,2.72,3.75,4045.0,0.1796,0.0896,0.5323
3552205,Sorocaba,SP,342,116546,36.54,56.51,2.56,3.87,2.26,4.03,4025.0,0.2163,0.1043,0.5254
5300108,Brasília,DF,19,110330,37.71,55.79,-0.36,2.92,4.42,2.63,4019.0,0.2732,0.1117,0.5422
3170206,Uberlândia,MG,278,139600,44.69,49.98,4.12,2.62,2.86,2.97,4015.0,0.156,0.1169,0.5437
4119905,Ponta Grossa,PR,15,98273,32.68,58.91,3.82,3.25,4.24,4.47,3996.0,0.1399,0.1179,0.5298
3518800,Guarulhos,SP,278,102735,38.93,53.8,3.41,3.94,2.67,4.35,3978.0,0.2759,0.102,0.5477
3547809,Santo André,SP,156,103333,43.39,49.51,3.4,4.27,2.86,4.42,3969.0,0.2617,0.0773,0.5403
3543402,Ribeirão Preto,SP,265,123681,38.78,54.45,2.84,3.14,2.57,4.53,3964.0,0.0872,0.1045,0.5433
1200401,Rio Branco,AC,9,133741,29.75,63.78,-0.17,2.4,2.44,3.98,3962.0,0.1308,0.138,0.5412
3550308,São Paulo,SP,249,108261,41.28,51.57,2.84,4.01,3.29,3.64,3959.0,0.3242,0.0657,0.5449
4305108,Caxias Do Sul,RS,169,114343,28.82,63.78,5.79,3.29,2.75,3.73,3955.0,0.132,0.0939,0.5239
3549805,São José Do Rio Preto,SP,267,145166,32.85,61.15,1.36,2.8,2.17,3.42,3925.0,0.0992,0.0958,0.5433
3550308,São Paulo,SP,420,116825,43.88,49.89,3.53,3.63,2.68,3.99,3894.0,0.1229,0.0881,0.5479
4202404,Blumenau,SC,88,116374,22.11,70.21,2.29,3.94,1.9,3.21,3885.0,0.1329,0.0974,0.526
3201308,Cariacica,ES,34,140272,40.94,54.03,1.46,2.96,1.79,3.32,3861.0,0.0472,0.1043,0.5374
5300108,Brasília,DF,4,101858,40.83,52.41,-0.17,2.41,6.21,2.43,3860.0,0.0872,0.1252,0.5321
3548500,Santos,SP,272,110234,41.08,52.25,1.38,3.89,2.85,3.59,3857.0,0.2913,0.0718,0.5575
4125506,São José Dos Pinhais,PR,199,108150,34.63,58.22,3.13,3.7,2.88,3.75,3837.0,0.0923,0.1286,0.5326
3106200,Belo Horizonte,MG,31,128279,44.88,49.2,1.84,2.89,2.32,3.71,3809.0,0.1916,0.0964,0.5419
5002704,Campo Grande,MS,53,135000,39.45,55.17,4.48,2.75,2.16,3.4,3804.0,0.1312,0.1082,0.5462
4104808,Cascavel,PR,68,129129,29.71,64.25,4.61,3.12,2.0,2.95,3788.0,0.1864,0.1038,0.5362
3516200,Franca,SP,291,122523,34.86,58.6,3.47,3.13,2.45,3.65,3783.0,0.0918,0.0956,0.5374
4304606,Canoas,RS,66,120495,44.16,50.14,4.69,3.56,2.25,3.71,3777.0,0.081,0.0962,0.5366
1200401,Rio Branco,AC,1,136433,30.17,63.74,-0.37,2.25,2.53,3.51,3767.0,0.1303,0.137,0.5362
3541000,Praia Grande,SP,406,139557,42.88,51.85,2.98,3.26,2.12,3.21,3750.0,0.084,0.1193,0.5451
3518701,Guarujá,SP,212,130977,42.02,52.48,2.7,2.86,2.08,3.97,3747.0,0.0981,0.1083,0.5323
4305108,Caxias Do Sul,RS,136,112310,31.29,61.68,5.19,3.29,2.6,3.63,3741.0,0.162,0.0952,0.5288
3118601,Contagem,MG,313,127305,41.64,52.52,2.68,2.66,2.16,3.92,3717.0,0.1072,0.1098,0.5476
3118601,Contagem,MG,93,115761,44.38,49.6,2.42,2.83,2.24,4.3,3708.0,0.1529,0.0946,0.5391
3541000,Praia Grande,SP,317,125754,37.24,56.63,2.29,3.35,2.4,3.43,3702.0,0.161,0.0987,0.5543
1302603,Manaus,AM,63,134768,41.79,53.31,1.0,2.09,1.45,4.51,3697.0,0.0516,0.156,0.5224
3525904,Jundiaí,SP,65,94871,36.16,56.07,2.75,4.32,2.49,4.42,3671.0,0.179,0.119,0.5282
3205002,Serra,ES,53,129832,44.9,50.27,1.93,3.0,1.78,3.42,3642.0,0.0887,0.1094,0.5326
1302603,Manaus,AM,65,132690,41.33,53.77,0.71,2.34,1.33,4.31,3618.0,0.0649,0.1731,0.5301
1302603,Manaus,AM,40,126213,38.15,56.4,0.69,2.13,1.6,4.65,3593.0,0.1792,0.1249,0.535
3106200,Belo Horizonte,MG,39,127151,44.38,49.94,2.02,2.76,2.15,3.92,3590.0,0.1011,0.1013,0.5476
3530607,Mogi Das Cruzes,SP,74,95849,40.21,52.5,3.98,3.85,3.17,4.18,3582.0,0.232,0.0885,0.5381
5002704,Campo Grande,MS,8,123948,34.8,59.43,4.65,2.77,2.14,3.32,3574.0,0.2577,0.1028,0.5431
1400100,Boa Vista,RR,1,127873,21.96,71.82,0.47,2.71,1.48,3.37,3567.0,0.2071,0.1118,0.53
3516200,Franca,SP,46,119379,31.77,61.63,3.55,2.9,2.42,3.43,3544.0,0.1438,0.0889,0.5374
4119905,Ponta Grossa,PR,14,88329,33.75,58.13,3.58,3.31,4.02,4.34,3517.0,0.2129,0.1034,0.5366
1100205,Porto Velho,RO,2,110060,35.48,58.33,1.37,2.9,2.43,3.75,3497.0,0.19,0.1142,0.53
3547809,Santo André,SP,306,90145,42.91,50.0,3.34,4.36,2.67,4.34,3449.0,0.2848,0.0858,0.5397
2704302,Maceió,AL,2,166770,43.93,52.45,2.71,1.9,1.48,2.63,3448.0,0.2119,0.1009,0.5603
5002704,Campo Grande,MS,35,116051,36.32,57.91,4.06,2.88,2.2,3.43,3419.0,0.1731,0.1064,0.5446
4209102,Joinville,SC,19,96813,22.43,69.16,0.7,4.1,1.8,3.31,3405.0,0.3361,0.096,0.5263
1302603,Manaus,AM,32,120634,40.88,54.0,0.59,1.93,1.64,4.68,3400.0,0.1133,0.1217,0.5304
1302603,Manaus,AM,58,120499,38.48,56.11,0.61,2.18,1.48,4.72,3398.0,0.1204,0.1287,0.5324
4115200,Maringá,PR,66,103177,27.02,65.67,2.98,3.38,2.31,3.54,3391.0,0.332,0.0874,0.548
4314902,Porto Alegre,RS,111,105625,43.98,50.1,3.16,3.23,3.04,3.11,3387.0,0.2728,0.0687,0.549
4115200,Maringá,PR,192,101587,32.95,60.26,3.69,3.25,2.56,3.72,3353.0,0.1874,0.0919,0.5414
5103403,Cuiabá,MT,51,122055,38.57,56.18,2.65,2.25,2.39,3.23,3352.0,0.2076,0.1172,0.5437
3205200,Vila Velha,ES,32,113754,37.18,57.24,0.76,3.04,1.94,3.18,3339.0,0.3097,0.0891,0.5462
3118601,Contagem,MG,91,104799,43.84,50.23,2.26,2.82,2.25,4.12,3303.0,0.1735,0.0893,0.5405
3518701,Guarujá,SP,310,107936,42.97,51.23,2.55,3.05,2.35,4.12,3300.0,0.0404,0.1089,0.532
3509502,Campinas,SP,380,111524,39.48,54.6,2.39,3.18,2.26,3.47,3299.0,0.1537,0.0776,0.5403
4113700,Londrina,PR,41,99568,25.94,66.2,0.11,2.88,3.13,3.89,3297.0,0.1487,0.0931,0.5458
4113700,Londrina,PR,157,97023,27.94,64.05,0.72,2.96,3.47,3.99,3292.0,0.0833,0.1102,0.5491
4113700,Londrina,PR,146,98530,26.69,65.52,1.85,2.78,3.24,3.82,3278.0,0.2345,0.106,0.5372
4104808,Cascavel,PR,143,110825,29.54,64.39,4.44,3.05,2.12,2.97,3267.0,0.168,0.1003,0.5343
5002704,Campo Grande,MS,36,107052,30.24,63.51,3.36,3.09,2.13,3.16,3266.0,0.3578,0.087,0.5486
3506003,Bauru,SP,23,110045,35.55,58.11,3.1,3.14,2.47,3.45,3250.0,0.2466,0.0849,0.5423
3552205,Sorocaba,SP,271,98514,34.22,58.86,2.04,3.67,2.0,4.05,3249.0,0.2077,0.1052,0.5355
4113700,Londrina,PR,42,99857,27.78,64.78,0.62,2.79,2.84,3.73,3246.0,0.3827,0.0717,0.5546
3552205,Sorocaba,SP,343,93113,37.47,55.78,2.6,3.63,2.23,4.15,3213.0,0.2149,0.0854,0.5336
1302603,Manaus,AM,70,115990,40.31,54.61,1.09,2.22,1.44,4.51,3205.0,0.068,0.1601,0.5302
4115200,Maringá,PR,137,98048,29.45,63.43,4.09,3.23,2.52,3.79,3197.0,0.1487,0.0877,0.5463
3106200,Belo Horizonte,MG,34,111835,43.52,50.42,0.95,2.77,2.65,2.9,3183.0,0.4306,0.0664,0.5556
3551009,São Vicente,SP,177,107440,43.62,50.74,1.64,3.37,2.46,3.48,3182.0,0.1143,0.0852,0.5483
3303906,Petrópolis,RJ,65,105417,34.31,59.08,0.94,2.75,2.75,3.82,3174.0,0.0688,0.0924,0.5385
2704302,Maceió,AL,54,153282,43.86,52.38,2.8,2.27,1.14,2.92,3167.0,0.0542,0.1568,0.5584
3549805,São José Do Rio Preto,SP,268,109008,30.74,62.7,1.74,2.87,2.39,3.54,3165.0,0.1619,0.0955,0.5413
5103403,Cuiabá,MT,39,114806,37.49,57.26,2.23,2.35,2.34,2.98,3149.0,0.2915,0.1098,0.5387
3543402,Ribeirão Preto,SP,108,108817,41.14,52.92,2.44,2.83,2.32,3.98,3138.0,0.1865,0.0844,0.542
3304557,Rio De Janeiro,RJ,182,109473,40.44,54.09,2.4,3.19,2.44,2.94,3129.0,0.1512,0.1116,0.5528
5103403,Cuiabá,MT,55,121682,39.16,55.96,3.39,2.16,2.31,3.0,3128.0,0.1317,0.1289,0.5425
3543402,Ribeirão Preto,SP,266,110460,39.25,54.72,2.58,2.75,2.49,3.97,3128.0,0.0615,0.0906,0.5395
3534401,Osasco,SP,213,76725,43.7,49.05,3.06,4.47,2.88,4.44,3078.0,0.2669,0.0854,0.5407
4209102,Joinville,SC,76,103236,23.49,69.75,0.81,3.52,1.6,2.9,3064.0,0.0989,0.1043,0.5269
3106200,Belo Horizonte,MG,38,108892,44.56,49.76,2.33,2.59,2.14,4.23,3055.0,0.0726,0.093,0.5415
1302603,Manaus,AM,59,109078,42.82,52.3,0.84,2.08,1.36,4.73,3044.0,0.0709,0.1441,0.5237
3534401,Osasco,SP,332,75676,43.9,48.87,3.81,4.26,3.04,4.59,2988.0,0.1948,0.1045,0.5374
3303500,Nova Iguaçu,RJ,84,142315,37.03,58.59,1.94,2.16,1.81,2.52,2986.0,0.0207,0.1267,0.5427
3554102,Taubaté,SP,141,88230,31.61,60.75,1.64,3.47,3.12,3.74,2978.0,0.1389,0.0907,0.5334
4209102,Joinville,SC,96,86305,21.26,70.92,0.52,4.01,1.72,3.07,2903.0,0.2311,0.1031,0.526
3526902,Limeira,SP,66,109309,24.57,69.42,1.93,2.71,1.8,2.87,2900.0,0.2023,0.0888,0.5243
3525904,Jundiaí,SP,424,83309,34.43,58.13,3.12,3.63,2.56,4.12,2893.0,0.2681,0.0848,0.5362
3526902,Limeira,SP,399,110174,24.96,69.14,2.07,2.81,1.64,2.91,2892.0,0.1322,0.1078,0.5252
4316907,Santa Maria,RS,135,105824,44.71,50.41,4.07,2.66,2.62,2.92,2891.0,0.1802,0.0879,0.5432
3538709,Piracicaba,SP,93,105709,28.52,65.14,1.73,2.79,2.25,3.1,2853.0,0.1439,0.0816,0.5291
1302603,Manaus,AM,1,99443,40.89,53.92,0.61,2.1,1.86,4.33,2825.0,0.2474,0.0982,0.5377
4119905,Ponta Grossa,PR,139,71788,29.87,61.7,4.44,3.05,4.29,4.18,2805.0,0.0748,0.1198,0.532
1302603,Manaus,AM,2,93824,36.49,57.6,0.87,2.32,1.9,4.54,2799.0,0.3208,0.1172,0.5437
3106200,Belo Horizonte,MG,36,92920,44.03,50.08,1.93,2.86,2.38,4.03,2759.0,0.097,0.0855,0.538
1302603,Manaus,AM,37,96953,40.0,54.71,1.28,1.95,1.65,4.78,2752.0,0.1508,0.122,0.5309
3506003,Bauru,SP,387,92900,37.85,56.07,3.53,3.09,2.56,3.52,2741.0,0.1006,0.1036,0.5377
3106200,Belo Horizonte,MG,27,96539,44.51,49.89,1.83,2.7,2.2,3.68,2726.0,0.1459,0.0898,0.5487
3552205,Sorocaba,SP,137,79024,34.23,58.56,1.69,3.74,2.35,3.82,2718.0,0.4012,0.085,0.5422
3205200,Vila Velha,ES,57,92384,38.99,55.6,0.56,2.92,2.07,3.31,2709.0,0.1166,0.0989,0.5408
5300108,Brasília,DF,20,79134,40.57,53.47,0.3,2.41,4.71,2.55,2695.0,0.1054,0.1169,0.5434
3547809,Santo André,SP,264,78066,43.4,50.06,3.62,3.77,2.55,4.3,2690.0,0.2032,0.0779,0.5385
1100205,Porto Velho,RO,20,88103,34.58,59.42,3.2,2.72,2.23,3.74,2669.0,0.1181,0.1215,0.5278
3304557,Rio De Janeiro,RJ,185,108039,43.48,51.85,0.83,2.79,2.17,2.68,2667.0,0.1296,0.0942,0.5504
3304557,Rio De Janeiro,RJ,22,114063,44.25,51.33,1.61,2.42,2.34,2.68,2657.0,0.0665,0.0907,0.5467
5002704,Campo Grande,MS,44,91224,37.5,56.92,4.26,2.91,2.16,3.36,2647.0,0.1298,0.1057,0.5461
1505536,Parauapebas,PA,106,120867,37.43,58.24,3.95,2.18,0.95,3.55,2642.0,0.0747,0.1579,0.5005
1400100,Boa Vista,RR,5,113636,19.42,75.17,1.72,2.47,1.08,2.81,2627.0,0.0561,0.1839,0.5241
3301009,Campos Dos Goytacazes,RJ,75,115698,37.45,57.84,1.34,1.71,2.24,3.15,2612.0,0.0508,0.1032,0.5364
3304557,Rio De Janeiro,RJ,246,110754,38.66,56.58,0.79,2.43,2.2,2.63,2611.0,0.0277,0.1195,0.5421
3530607,Mogi Das Cruzes,SP,319,76409,39.64,53.59,4.2,3.7,2.9,3.77,2608.0,0.1479,0.1174,0.5332
3304904,São Gonçalo,RJ,135,117602,42.61,53.26,2.03,2.16,1.87,2.69,2575.0,0.0535,0.0858,0.54
2704302,Maceió,AL,1,111053,43.18,52.91,2.46,2.2,1.42,2.82,2561.0,0.2234,0.1001,0.5569
3303500,Nova Iguaçu,RJ,156,121397,35.37,60.24,2.56,2.1,1.78,2.5,2550.0,0.0165,0.1075,0.5288
5103403,Cuiabá,MT,1,97974,32.53,62.14,1.97,2.19,2.21,2.8,2536.0,0.3237,0.1006,0.5382
5300108,Brasília,DF,3,69831,39.21,54.41,-0.28,2.57,4.96,2.48,2511.0,0.2014,0.091,0.5483
3549805,São José Do Rio Preto,SP,125,90586,29.36,64.2,1.6,2.72,2.14,3.49,2506.0,0.2871,0.0727,0.5462
3304557,Rio De Janeiro,RJ,191,102110,45.0,50.51,0.7,2.62,2.29,2.68,2477.0,0.0946,0.0891,0.5447
3301702,Duque De Caxias,RJ,126,109610,41.69,54.25,2.67,2.12,1.94,2.46,2454.0,0.0374,0.1163,0.5333
3304557,Rio De Janeiro,RJ,180,90813,42.8,52.13,1.35,2.84,2.53,2.89,2440.0,0.114,0.0908,0.5513
3304557,Rio De Janeiro,RJ,245,106811,36.4,58.8,1.21,2.39,1.96,2.7,2430.0,0.0669,0.0966,0.5377
3304557,Rio De Janeiro,RJ,25,100319,41.55,53.78,1.63,2.51,2.28,2.73,2430.0,0.0301,0.1375,0.5477
1302603,Manaus,AM,68,94731,43.57,51.94,1.29,2.01,1.37,4.24,2414.0,0.0305,0.167,0.5229
3301009,Campos Dos Goytacazes,RJ,98,92671,39.7,55.18,1.35,2.26,2.46,3.21,2401.0,0.145,0.0867,0.5494
3170107,Uberaba,MG,276,78393,44.16,50.0,4.17,2.7,2.93,3.42,2378.0,0.1684,0.0979,0.5445
3304557,Rio De Janeiro,RJ,238,110026,38.15,57.33,0.75,2.16,2.12,2.56,2374.0,0.0436,0.0908,0.5374
3170107,Uberaba,MG,347,82858,44.15,50.33,4.95,2.6,2.89,3.07,2372.0,0.1354,0.1033,0.5405
3549904,São José Dos Campos,SP,282,78038,37.42,56.66,4.51,2.98,2.15,3.56,2371.0,0.1116,0.1026,0.5221
1100205,Porto Velho,RO,21,78509,38.14,56.21,2.23,2.97,1.98,3.74,2370.0,0.0494,0.1493,0.5312
3301702,Duque De Caxias,RJ,78,103809,38.97,56.84,2.51,2.09,1.93,2.39,2362.0,0.0449,0.0992,0.5344
3304557,Rio De Janeiro,RJ,218,97724,44.93,50.5,0.32,2.5,2.5,2.65,2337.0,0.0625,0.084,0.5459
3170206,Uberlândia,MG,299,80638,41.86,52.62,4.29,2.46,3.13,2.77,2330.0,0.1821,0.0926,0.5344
3306305,Volta Redonda,RJ,90,97560,44.14,51.54,3.25,2.32,1.96,2.9,2326.0,0.0652,0.0921,0.5386
3170107,Uberaba,MG,326,75587,40.75,53.08,3.23,2.68,2.96,3.37,2325.0,0.2381,0.097,0.5477
3305109,São João De Meriti,RJ,187,103634,39.32,56.51,1.98,2.05,2.02,2.4,2321.0,0.0443,0.1006,0.5323
3304557,Rio De Janeiro,RJ,125,106137,40.62,54.87,1.21,2.16,2.34,2.58,2308.0,0.0326,0.1139,0.5351
1100205,Porto Velho,RO,6,91230,31.53,63.31,3.69,2.27,1.77,3.1,2237.0,0.09,0.1242,0.5139
3301702,Duque De Caxias,RJ,127,98937,38.25,57.41,3.04,1.92,2.06,2.59,2227.0,0.0314,0.1187,0.5381
3301702,Duque De Caxias,RJ,79,98057,38.44,57.35,3.27,2.14,2.01,2.31,2217.0,0.0331,0.1163,0.5369
3304557,Rio De Janeiro,RJ,233,104274,40.37,55.23,0.25,2.2,2.01,2.58,2214.0,0.062,0.0787,0.5401
3304557,Rio De Janeiro,RJ,24,99069,41.1,54.32,1.03,2.17,2.27,2.82,2205.0,0.0383,0.0929,0.5437
3304904,São Gonçalo,RJ,133,100981,39.41,56.28,2.96,2.03,1.9,2.76,2192.0,0.0309,0.084,0.5358
3304557,Rio De Janeiro,RJ,243,87958,40.68,54.62,1.22,2.67,2.16,2.66,2162.0,0.0458,0.1324,0.5473
3304557,Rio De Janeiro,RJ,123,90391,39.57,55.61,0.44,2.43,2.3,2.69,2152.0,0.0462,0.0963,0.541
3304904,São Gonçalo,RJ,132,92634,40.36,55.17,2.69,2.21,1.99,2.84,2132.0,0.0207,0.108,0.5469
1302603,Manaus,AM,31,82623,42.75,52.71,0.24,1.79,1.47,4.34,2127.0,0.0871,0.1314,0.5275
3304557,Rio De Janeiro,RJ,122,88618,37.4,57.63,0.93,2.54,2.15,2.73,2125.0,0.0701,0.1115,0.5444
3506003,Bauru,SP,300,75391,36.85,56.96,3.26,2.87,2.85,3.44,2124.0,0.0876,0.0906,0.5377
3303500,Nova Iguaçu,RJ,158,100996,35.05,60.65,1.89,2.11,1.75,2.37,2110.0,0.0205,0.1062,0.5325
2704302,Maceió,AL,33,96662,43.54,52.63,3.52,2.05,1.24,3.11,2109.0,0.0639,0.1043,0.5532
4209102,Joinville,SC,105,68411,23.3,69.76,1.1,3.51,1.6,3.15,2097.0,0.0894,0.1082,0.5228
1506807,Santarém,PA,83,98457,39.15,57.01,5.67,1.94,1.23,2.87,2069.0,0.0992,0.1457,0.5206
3303500,Nova Iguaçu,RJ,157,94098,37.08,58.48,2.53,2.05,1.88,2.68,2065.0,0.0435,0.0954,0.5373
3301009,Campos Dos Goytacazes,RJ,76,99368,31.69,63.6,0.63,1.67,2.18,2.64,2062.0,0.0227,0.1102,0.5378
5002704,Campo Grande,MS,54,67910,34.15,59.89,3.51,3.16,2.0,3.3,2022.0,0.194,0.1027,0.5388
3305109,São João De Meriti,RJ,186,93677,41.5,54.55,2.13,1.91,2.03,2.33,2022.0,0.0466,0.1027,0.535
3303302,Niterói,RJ,199,77604,44.23,51.31,1.3,2.57,2.03,2.65,2019.0,0.2929,0.0955,0.5424
3143302,Montes Claros,MG,185,81822,44.29,51.07,4.24,2.01,1.64,3.5,1992.0,0.2452,0.105,0.541
3170206,Uberlândia,MG,335,72306,44.91,49.89,4.13,2.25,3.14,2.9,1977.0,0.1509,0.0903,0.5404
3304904,São Gonçalo,RJ,69,82178,42.21,53.39,1.84,2.37,2.05,2.77,1955.0,0.0325,0.1033,0.5497
3304557,Rio De Janeiro,RJ,120,81865,35.11,59.91,1.67,2.45,1.8,2.87,1941.0,0.0746,0.0973,0.5432
3300456,Belford Roxo,RJ,152,98478,38.59,57.55,2.45,1.94,1.76,2.2,1909.0,0.0134,0.1188,0.5418
3304904,São Gonçalo,RJ,36,92503,44.76,51.4,2.2,2.0,1.97,2.59,1907.0,0.042,0.0842,0.545
3304557,Rio De Janeiro,RJ,234,83906,39.97,55.5,0.7,2.26,2.1,2.56,1825.0,0.055,0.0852,0.5425
3301702,Duque De Caxias,RJ,200,76242,42.89,53.05,1.84,2.3,1.83,2.49,1794.0,0.0959,0.0952,0.5411
3304557,Rio De Janeiro,RJ,23,79681,40.89,54.57,0.34,2.36,2.15,2.55,1787.0,0.0697,0.0765,0.5427
1505536,Parauapebas,PA,75,80475,35.52,59.99,3.25,2.12,0.97,3.63,1784.0,0.0595,0.1481,0.4972
3303500,Nova Iguaçu,RJ,27,79577,37.41,58.1,2.03,2.39,1.76,2.51,1770.0,0.1187,0.0728,0.5403
3304557,Rio De Janeiro,RJ,241,74562,38.91,56.33,0.08,2.33,2.05,2.9,1716.0,0.0239,0.1291,0.5453
3300456,Belford Roxo,RJ,155,86240,39.15,57.0,2.62,1.89,1.8,2.29,1707.0,0.0151,0.1202,0.5367
3304557,Rio De Janeiro,RJ,242,71967,36.26,58.72,1.29,2.43,2.1,2.8,1694.0,0.0718,0.0967,0.5413
1506807,Santarém,PA,104,83820,43.48,53.12,5.3,2.06,1.02,2.69,1679.0,0.0577,0.1717,0.5243
3305109,São João De Meriti,RJ,89,76856,36.97,58.82,2.76,1.99,1.94,2.33,1657.0,0.0519,0.1054,0.538
3304557,Rio De Janeiro,RJ,167,69857,43.38,51.93,0.14,2.48,2.33,2.93,1652.0,0.0308,0.1046,0.5445
3300456,Belford Roxo,RJ,153,81389,38.77,57.25,2.72,1.81,1.8,2.44,1617.0,0.0192,0.112,0.5392
3300456,Belford Roxo,RJ,154,80065,38.77,57.18,2.06,2.08,1.7,2.39,1605.0,0.0364,0.1043,0.5389
3304557,Rio De Janeiro,RJ,192,62533,44.3,50.92,0.26,2.79,2.43,2.6,1592.0,0.1665,0.0842,0.5397
3303500,Nova Iguaçu,RJ,159,76548,34.93,60.77,2.06,1.98,1.77,2.4,1562.0,0.0286,0.0916,0.5335
3305109,São João De Meriti,RJ,88,65961,39.46,56.46,1.88,2.03,1.95,2.35,1455.0,0.0367,0.1016,0.5383
3301702,Duque De Caxias,RJ,128,65993,32.59,62.94,2.74,2.19,1.6,2.4,1450.0,0.0521,0.109,0.5311
3304557,Rio De Janeiro,RJ,230,62271,42.13,53.36,0.65,2.34,2.34,2.54,1441.0,0.0299,0.1078,0.5503
1506807,Santarém,PA,20,71328,44.34,52.29,3.85,1.81,1.09,2.89,1429.0,0.1229,0.1301,0.5156
3538709,Piracicaba,SP,244,46815,31.17,62.19,2.82,3.49,2.14,3.29,1424.0,0.0953,0.119,0.5253
3301009,Campos Dos Goytacazes,RJ,129,62729,35.66,60.2,0.86,1.52,2.17,2.39,1212.0,0.0176,0.1034,0.5256
