regiao,porte,municipios,aptos,votos_a_reconverter,viradas,queda_media,renda_mediana,evg,urb,pct_estoque
Nordeste,10–50 mil,908,18277333,653644.0,6,4.96,537.3,16.55,61.4,14.5
Sudeste,10–50 mil,549,11513164,418853.0,52,5.62,1066.7,25.7,86.1,9.3
Sudeste,50–200 mil,162,15684297,403598.0,10,4.0,1200.0,29.95,97.2,8.9
Sudeste,200 mil–1 mi,47,17822040,357063.0,2,3.07,1212.0,30.1,99.5,7.9
Sul,10–50 mil,311,6418128,326616.0,26,7.47,1233.3,21.8,86.1,7.2
Nordeste,50–200 mil,100,8163055,248928.0,2,4.31,633.5,25.0,87.5,5.5
Sul,<10 mil,794,3622403,239512.0,130,9.32,1212.0,18.3,59.1,5.3
Sul,50–200 mil,70,6524878,239407.0,3,5.52,1357.75,25.0,95.65,5.3
Sudeste,<10 mil,905,4814417,226378.0,117,7.02,1000.0,22.0,76.0,5.0
Sudeste,>1 mi,3,16064702,205425.0,0,1.62,1340.0,25.5,100.0,4.5
Nordeste,<10 mil,741,4654944,179201.0,3,5.2,546.3,13.6,56.1,4.0
Norte,10–50 mil,204,4493217,177067.0,17,5.65,500.0,37.15,60.45,3.9
Centro-Oeste,10–50 mil,142,2932435,139415.0,7,7.23,1106.0,30.5,85.5,3.1
Nordeste,200 mil–1 mi,13,5337382,104625.0,0,3.1,808.0,29.1,96.7,2.3
Centro-Oeste,50–200 mil,27,2524573,99218.0,0,6.02,1133.8,31.6,96.1,2.2
Sul,200 mil–1 mi,13,3817072,84026.0,0,3.44,1500.0,26.3,97.2,1.9
Centro-Oeste,<10 mil,291,1531448,81713.0,51,8.15,1074.7,28.6,73.2,1.8
Norte,50–200 mil,32,2619281,75561.0,1,4.2,668.7,40.35,83.8,1.7
Nordeste,>1 mi,2,3751192,73885.0,0,2.72,893.75,25.3,100.0,1.6
Norte,<10 mil,192,1004685,50162.0,31,7.36,680.0,29.6,60.95,1.1
Centro-Oeste,200 mil–1 mi,4,1727257,44193.0,0,4.1,1218.65,36.4,98.5,1.0
Norte,200 mil–1 mi,6,1642390,32738.0,0,2.93,836.35,37.2,96.85,0.7
Sul,>1 mi,2,2479348,32463.0,0,2.0,1775.0,19.35,99.9,0.7
Centro-Oeste,>1 mi,1,1019261,20068.0,0,3.06,1450.0,33.9,99.9,0.4
Norte,>1 mi,1,1477265,2702.0,0,0.25,686.0,39.5,99.0,0.1
